company_inn,company_name,company_ogrn,final_status_label,first_negative_outcome_date,region_code,okved_main,authorized_capital
0238005164,"ООО ""АНЯС""",1060212007437,failed,2022-02-20,2.0,01.50,42520000.0
0250001991,"ООО ""АРГОН""",1020201395037,failed,2024-07-25,2.0,,
0259012885,"ООО ""ЭНЕРГОСЕРВИС""",1130280057786,failed,2023-10-20,2.0,,
0264064720,"ООО ""УК ЖИЛФОНДА С.АМЗЯ""",1120264001813,failed,2023-03-31,2.0,68.32.1,10000.0
0274078739,"ОАО ""ИФЖС""",1020202551192,failed,2023-01-28,2.0,71.12.2,
0274138018,"ООО ""ЕВРОТЭК""",1090280011711,failed,2023-02-03,2.0,46.71,32800000.0
0274174217,"ООО ""СОВЕТНИК""",1130280013148,failed,2024-10-31,2.0,46.90,10000.0
0274177779,"ООО ""СИСТЕМА""",1130280037887,failed,2023-01-29,2.0,41.20,10000.0
0274193146,"ООО ""КОМЕТА""",1140280409422,failed,2022-05-07,2.0,68.20,189220339.0
0275036428,"АО ""РЕГИОНСТРОЙКОМПЛЕКС""",1030204112861,failed,2025-09-05,2.0,71.11.1,
0275079453,"ООО ""ТЖХ""",1120280049196,failed,2025-07-28,2.0,68.32.1,10000.0
0276075275,"ООО ""ИНВИТФАРМ""",1030204215733,failed,2022-11-18,2.0,47.73,15000.0
0276924730,"ООО ""ГРАНД""",1170280049917,failed,2024-05-13,2.0,,
0277033180,"ТСЖ ""АДМИРАЛЪ""",1020203083790,failed,2023-03-09,2.0,68.32.1,
0277119729,"ООО ""КОМПАНЬОН""",1120280004393,failed,2023-07-07,2.0,,
0277127649,"ООО ""ОЖХ ОРДЖОНИКИДЗЕВСКОГО РАЙОНА Г. УФЫ""",1130280012488,failed,2024-02-25,2.0,68.32.1,10000.0
0278157029,"ООО ""СУ-2 ОАО ""ГОССТРОЙ""",1090280008257,failed,2022-10-17,2.0,71.11.1,10000.0
0278213273,"ООО ""НОВЫЙ ГОРОД НЕДВИЖИМОСТЬ""",1140280041670,failed,2022-02-27,2.0,41.20,10000.0
0278910771,"ООО ""ВЫСОТКИ""",1150280067068,failed,2022-03-25,2.0,41.20,10000.0
0309408420,"МУП ЖКХ МО ""КАБАНСКИЙ РАЙОН""",1180327013294,failed,2023-05-18,3.0,35.30.14,63327.0
0323403215,"ООО ""БЭСК""",1180327000952,failed,2022-07-17,3.0,35.12,10000.0
0400007875,"ООО ""АЛТАЙ БАРС""",1180400000901,failed,2023-10-11,4.0,41.20,1000000.0
0725023090,"МУП ""ВОДОКАНАЛ""",1170726005262,failed,2022-02-06,7.0,36.00,100000.0
0726006330,"ООО ""ЛУРДЕС И СК""",1120726001330,failed,2022-12-03,7.0,46.36.2,10000.0
0814142156,"ООО ""ЗАПСИБГАЗМОНТАЖ""",1030800761793,failed,2023-03-08,8.0,43.11,5700000.0
0816037816,"ООО ""АЛЬЯНС-СЕРВИС""",1190816000297,failed,2024-03-05,8.0,68.32,10000.0
0817001548,"ООО ""ВОСХОД""",1140817000323,failed,2022-07-21,8.0,01.11,10000.0
0901051931,"ЖСК ""ВИТЯЗЬ""",1030900726460,failed,2024-10-22,9.0,41.20,580000.0
0917017157,"ООО ""НЕСТЕРТВ""",1100917001745,failed,2022-04-12,9.0,41.20,40000000.0
1001196478,"ООО ""КАРЕЛЭНЕРГОИНВЕСТ""",1071001014039,failed,2022-07-21,10.0,35.30.14,66000000.0
1011011454,"ООО ""РЦ ВОДОКАНАЛ""",1161001064510,failed,2025-10-20,10.0,36.00,10000.0
1101041968,"ООО ""ГЖЭК""",1041100422560,failed,2022-06-04,11.0,41.2,10000.0
1101088003,"ООО УК ""ЖИЛВЕСТ""",1111101004959,failed,2025-11-24,11.0,68.32.1,10000.0
1101137243,"ООО ""УК""РЭКОН""",1081101004335,failed,2023-03-23,11.0,68.32.1,10000.0
1102044760,"ООО ""ТРАНССТРОЙСЕРВИС""",1041100600518,failed,2023-02-02,11.0,42.99,15000000.0
1102075085,"ООО ""АИСТ""",1141102001061,failed,2022-04-07,11.0,35.30,10000.0
1103012627,"ООО ""ЖЭУ-8""",1141103000972,failed,2025-12-29,11.0,68.32.1,10000.0
1105013739,"ООО ""СТРОЙТЕХНОЛОГИЯ""",1021100875707,failed,2024-10-17,11.0,41.20,
1105024586,"ООО ""УЕЗД""",1181101001674,failed,2022-09-18,11.0,68.32.1,20000.0
1106014799,"ООО ""СТАНДАРТ-2""",1021100896442,failed,2022-02-03,11.0,41.20,19900.0
1116004398,ЕМВИНСКОЕ ПО,1021101067723,failed,2022-10-01,11.0,56.29,
1215128210,"ООО ""РЕНОВА""",1081215000756,failed,2024-05-06,12.0,46.4,11000.0
1215172259,"ООО ""ДСК №5""",1131215003523,failed,2022-01-19,12.0,41.2,10000.0
1308037397,ФГУП СМУ-13 ФСИН РОССИИ,1021300659005,failed,2023-09-04,13.0,41.20,
1322001385,"ООО ""КОЛОС""",1181326004309,failed,2023-05-04,13.0,01.11,10000.0
1324001800,"ООО ""СМУ №1""",1161324050051,failed,2022-05-22,13.0,41.20,10000.0
1326026535,"ОАО ""ЛАМЗУРЬ""",1021300982955,failed,2023-11-30,13.0,10.82.2,
1327157731,"МП Г.О. САРАНСК ""ПРОЛЕТАРСКОЕ ЖРСУ""",1041318004177,failed,2022-06-19,13.0,81.29.9,1000000.0
1415010696,"СППК ММК ""МАЙА""",1071415000051,failed,2022-06-16,14.0,10.5,4206000.0
1435277835,"ООО ""ТРАМП""",1141447002630,failed,2023-03-13,14.0,68.20,2500000.0
1511000933,МУПВКХ,1021500944475,failed,2023-04-09,15.0,68.20.29,270000.0
1516620472,"МУП ""ВИРЦ""",1091516001763,failed,2022-03-27,15.0,63.11,100000.0
1629005510,"ООО ""ОГ""",1151651000764,failed,2025-02-28,16.0,,
1643016591,"ООО ""МИЛКВИЛЬ""",1201600055140,failed,2023-03-09,16.0,10.51,100000.0
1644049590,"ООО ""ИЦ ""ГАММА""",1151644001090,failed,2023-01-31,16.0,71.11,20000.0
1650121597,"ООО ""ПРОМТОРГСЕРВИС""",1041616069274,failed,2022-11-20,16.0,46.32,10000.0
1651075897,"ООО ""УК ""МОЙ ДОМ КАМСКИХ ПОЛЯН""",1151651003294,failed,2023-04-14,16.0,68.32.1,10000.0
1656028379,"ТСЖ ""ПРИВОКЗАЛЬНАЯ 6""",1041624006038,failed,2025-02-10,16.0,68.32.1,0.0
1656036490,"ООО ""ТЕПЛОПРОГРЕСС""",1061656044537,failed,2024-03-21,16.0,71.11.1,10012000.0
1658192913,"ООО ""МЕГАЛИТ""",1161690132240,failed,2023-06-08,16.0,23.63,10000.0
1659212418,"ООО ""ГРАНД-ПОЛИМЕР""",1201600089987,failed,2023-06-16,16.0,41.20,100000.0
1660245094,"ООО ""Водопад""",1151690047123,failed,2022-03-03,16.0,,
1701057550,"МУП ""КЫЗЫЛГОРТРАНС""",1161719050877,failed,2023-02-01,17.0,49.31.21,617287.0
1828025599,"ЗАО ""ТСК ""ВОТКИНСКИЙ ЗАВОД""",1141828000710,failed,2022-10-01,18.0,35.30.2,2000000.0
1831005666,"ООО ""АКВАНТ""",1021801590524,failed,2024-04-03,18.0,35.30.4,300000.0
1831079690,"ООО ""УНИВЕРСАЛ - СТРОЙ""",1021801168311,failed,2023-03-17,18.0,41.20,15000.0
1831149019,"ООО ""МИЛАН""",1111831011357,failed,2022-02-14,18.0,68.20.2,314650000.0
1832081275,"ООО ""ИЖАГРОПРОМ""",1101832000709,failed,2022-05-05,18.0,46.33,15000.0
1832088062,"ООО ""ТРЕК""",1111832001159,failed,2023-04-02,18.0,42.12,10000.0
1832089228,ООО «Торговый дом «Дебесский мясокомбинат»,1111832002006,failed,2024-10-28,18.0,46.90,10000.0
1832103017,"ООО ""СТРОЙПАРТНЕР""",1121832006042,failed,2022-02-07,18.0,41.2,10000.0
1832155520,ООО «ГАРАНТКОМПЛЕКТ»,1201800000445,failed,2023-03-24,18.0,46.73,10000.0
1834034190,"ТСН ""УЮТНЫЙ ДОМ""",1051801772021,failed,2023-01-31,18.0,68.32.1,
1838009902,"ООО ПКП ""ДЫМОФФ""",1111838002022,failed,2025-07-17,18.0,25.11,10000.0
1840038019,"ООО ""ГОРОДСКАЯ УК""",1151840003480,failed,2024-01-04,18.0,68.32.1,10000.0
1840075469,"ООО ""МАГИСТРАЛЬ""",1171832027102,failed,2023-11-13,18.0,42.11,100000.0
1841057254,"ООО ""ЭКОГАРАНТ""",1151832018161,failed,2023-12-01,18.0,38.1,10000.0
1901059121,"ООО ""КОНТИНЕНТ""",1031900525205,failed,2023-03-20,19.0,46.73.6,20000.0
2016078775,"ООО ""ЭЛЕКТРОПУЛЬТ-ГРОЗНЫЙ""",1052021009040,failed,2023-12-20,20.0,27.90,70000000.0
2124026140,"ООО ""СПЕЦФИНПРОЕКТ-КАСКАД""",1062124025798,failed,2025-10-16,21.0,68.20,312000000.0
2125000641,МУП ШГЭС,1022103029410,failed,2023-01-30,21.0,77.39.29,
2125007630,"ООО ""НАШ ДОМ""",1102138000084,failed,2023-03-19,21.0,68.32,10000.0
2130024493,"ООО ""ТК - СНАБЖЕНИЕ""",1072130012162,failed,2023-03-27,21.0,68.31.1,13300.0
2130058622,"ООО ""МКД""",1092130006341,failed,2025-12-22,21.0,74.20,20000.0
2130157486,"ООО ""ТЕРМИНАЛ-РЕСУРС""",1152130009240,failed,2024-04-17,21.0,41.20,10000.0
2130160714,"ООО ""ДИНЕРО""",1152130012341,failed,2024-05-16,21.0,46.72.21,100000.0
2130172822,"АО ""ГУКС""",1162130058914,failed,2022-10-02,21.0,70.22,57928000.0
2204012664,"ООО ""МЕХАНИЧЕСКИЙ ЗАВОД""",1032201642494,failed,2025-10-01,22.0,28.99.9,4000000.0
2204060192,"ООО ""ПРИОБСКОЕ ДЭУ""",1122204004801,failed,2024-01-25,22.0,81.29.9,10000.0
2221204292,"ООО ""ЯРУС""",1132225006418,failed,2024-08-08,22.0,41.2,80000000.0
2224139468,"ООО ""ПРОГРЕСС ПЛЮС""",1102224001384,failed,2023-05-03,22.0,68.32.1,15000.0
2225164499,"ООО ""ГПО №1""",1152225022135,failed,2023-05-30,22.0,41.20,10000.0
2246005242,"ООО ""ИСТОЧНИК""",1212200014806,failed,2024-12-28,22.0,36.00,10000.0
2301092457,"ООО КФ ""АНКОН""",1162301051725,failed,2022-10-16,23.0,10.82,20000.0
2305018172,"ООО ""КЕДР""",1022301067161,failed,2022-03-04,23.0,42.12,
2305026303,"ООО ""ЯКОРЬ""",1092305000215,failed,2023-03-23,23.0,41.20,20000.0
2308150193,"ООО ""КРАСНОДАР СИТИ""",1082308010685,failed,2022-11-18,23.0,71.12.2,17500000.0
2308185823,"ООО ""АРТЕЛЬ""",1122308001166,failed,2023-04-13,23.0,43.91,10000.0
2308210928,"ООО ""ТРАНС АВТО""",1142308007478,failed,2022-09-25,23.0,23.61,10000.0
2308211015,"ООО ""ЧЕРНОМОР-НЕФТЕСТРОЙ""",1142308007544,failed,2022-08-25,23.0,71.12.2,133557412.0
2308228322,"ООО ""СПЕЦСТРОЙ""",1162375000677,failed,2022-07-08,23.0,08.11,10000.0
2309103911,"ООО ""КРАСНОДАРСКИЙ ТД ""БЕЛШИНА""",1072309011928,failed,2023-02-03,23.0,45.3,1010000.0
2309112722,"ООО ""КУБАНЬ-ПРОГРЕСС-ЮГ""",1082309003700,failed,2025-03-10,23.0,64.99.11,15000.0
2310156548,"ООО ""ПВМ""",1112310004641,failed,2023-02-24,23.0,55.10,40000.0
2311026407,"ООО ""ФОЛИАНТ""",1022301812653,failed,2022-02-06,23.0,46.49.31,10000.0
2311125398,"ООО ""КА-СТРОЙ""",1102311003222,failed,2022-10-03,23.0,25.11,48780.0
2311168842,"ООО ""МЕГАСТРОЙ""",1142311002240,failed,2024-12-12,23.0,,
2311177205,"ООО ""УК-КРАСНОДАР РЦ 23""",1142311012128,failed,2022-08-19,23.0,68.32,11000.0
2312006139,"ООО СМУ ""ГРАЖДАНСТРОЙ""",1022301428060,failed,2023-03-13,23.0,41.20,10000.0
2312068992,"НСТ ""ДРУЖБА""",1032304933583,failed,2024-09-13,23.0,68.32,
2312171340,"ООО ""СТРОЙИНВЕСТ""",1102312004387,failed,2023-05-27,23.0,71.12.2,16000.0
2312282146,"ООО ""ПК ""РДС""",1192375029164,failed,2023-03-16,23.0,42.11,100000.0
2313020030,"ЖСК ""ЕДИНСТВО""",1052307969340,failed,2023-03-02,23.0,41.2,
2315177407,"ООО ""ЮТС""",1122315006747,failed,2022-05-28,23.0,52.29,20000.0
2315984986,"МУП ""ЕРЦ""",1152315004445,failed,2023-01-28,23.0,68.32,3000000.0
2318041972,"ООО ""СТРОЙ-ЦЕНТР""",1152366009070,failed,2023-12-07,23.0,41.20,10000.0
2320085335,"ООО  ""ИДА""",1032311672733,failed,2022-05-26,23.0,71.11,10000.0
2320183653,"ООО ""АТЛАНТ""",1102366004828,failed,2023-04-02,23.0,43.99,10000.0
2320248886,"ООО ""СТЭ-СЕРВИС""",1172375041926,failed,2022-10-27,23.0,68.32,10000.0
2321014714,ООО «Завод по изоляции труб»,1062321000026,failed,2023-07-19,23.0,25.61,20000000.0
2337031232,"МУП ""ГОРКОММУНХОЗ""",1062337003992,failed,2024-04-04,23.0,37.00,12027109.0
2340017189,"ООО ""КУЩЕВКА-ЛАДА""",1052322523560,failed,2022-12-18,23.0,68.32,100000.0
2364014701,"ООО ""СИГМА""",1162364051409,failed,2023-07-14,23.0,46.32,20000.0
2365021701,"ООО ""ЕВРОСТРОЙ""",1132365001053,failed,2023-08-29,23.0,43.11,100000.0
2372003855,"ООО ""МАГ-СТРОЙ""",1122372003192,failed,2022-07-25,23.0,41.20,86680.0
2376000171,"ООО ""СТР""",1172375047690,failed,2023-11-27,23.0,,
2407009000,"ООО ""БЛК""",1162468125709,failed,2024-09-06,24.0,,
2407063079,"ООО ""БОГУЧАНСКИЙ ЛПК""",1072420000234,failed,2022-05-23,24.0,02.20,526247000.0
2409000620,"ООО ""СЕРВИС-СТРОЙ""",1122443000107,failed,2022-11-10,24.0,43.99.1,10000.0
2443049023,"ООО УК ""ЖКК""",1172468036510,failed,2022-05-03,24.0,68.32.1,12500.0
2453001888,"ООО ""КЛЮЧ""",1022401483928,failed,2022-04-14,24.0,,
2462045708,"ООО ТД ""ФОРТУНА""",1162468051580,failed,2024-03-04,24.0,49.41,10000.0
2463030694,"ООО "" ИСКРА - ПРИМ """,1022402133632,failed,2022-05-14,24.0,26.30.5,
2463237410,"ООО ""СУ 208""",1122468026680,failed,2023-06-08,24.0,41.20,20000.0
2464047130,"ООО "" СТРОЙМИР """,1032402505035,failed,2023-07-01,24.0,43.2,10000.0
2464142425,"ООО ""КРЕПОСТЬ""",1182468023451,failed,2023-10-27,24.0,,
2465144908,"ООО НК ""НАФТА-СИБИРЬ""",1162468074230,failed,2022-08-26,24.0,46.71,10000.0
2466002078,"ООО ""КПНУ ЗАО ""ВСТМ""",1022402651644,failed,2024-01-01,24.0,43.22,10000.0
2466110845,"ООО ""СТРОЙКОМПЛЕКТ""",1032402964802,failed,2022-12-03,24.0,46.73.6,10000.0
2469002943,"ООО ""ЕНИСЕЙ""",1142457001587,failed,2023-01-28,24.0,11.05,10000.0
2508045171,"ООО ""ВОСТОКСТРОЙСЕРВИС""",1022500704137,failed,2023-03-05,25.0,49.41,10000.0
2508078018,"ООО ""МЫС ПОВОРОТНЫЙ""",1072508000993,failed,2022-10-03,25.0,41.20,12500.0
2526006520,"ООО ""ЛВК""",1172536030204,failed,2023-04-08,25.0,36.00,10000.0
2537014019,"ООО ""ТПФ ""БРИЗ""",1022501798076,failed,2023-08-03,25.0,45.31.1,40000.0
2540165515,"ООО ""УК ФРУНЗЕНСКОГО РАЙОНА""",1102540006470,failed,2022-07-21,25.0,68.32.1,14000.0
2540233606,"ООО ""ФАР ИСТ ШИП МЕНЕДЖМЕНТ""",1182536007884,failed,2022-06-30,25.0,50.20,10000.0
2625000336,"ОАО ""Винзавод ""Георгиевский""",1022601169612,failed,2024-01-29,26.0,11.02,10029360.0
2625802322,"ООО ""АГРОТЕХ-СЕРВИС""",1142651015088,failed,2023-10-13,26.0,52.29,10000.0
2627800144,"АО ""АВТОДОРОГИ КАВКАЗА""",1112651009305,failed,2023-02-25,26.0,42.11,5915500.0
2628049851,"ООО ""УК ДОМОУПРАВЛЕНИЕ №2 В ГОРОДЕ КИСЛОВОДСКЕ""",1072628001522,failed,2022-04-12,26.0,68.32.1,10000.0
2631039726,"ООО ""НЭМЗ""",1192651006459,failed,2023-03-19,26.0,24.10.2,10000.0
2632801168,"ООО УК ""СТРОЙ КОМ КМВ""",1112651013650,failed,2022-11-27,26.0,43.12,10000.0
2632808195,"ООО ""ТЭГ""",1132651014836,failed,2023-03-16,26.0,68.32.1,10000.0
2635100805,"ООО ""МЕГА-СТРОЙ""",1072635008676,failed,2024-10-11,26.0,,
2635801960,"ООО ""МЕГАСТРОЙ СК""",1112651001044,failed,2022-10-30,26.0,46.73,35000.0
2704023304,"ООО ""УК ""НАШ ДОМ СОВГАВАНЬ""",1142709000422,failed,2024-10-14,27.0,68.32,10000.0
2705001046,"МУП ""ТЕПЛОСЕРВИС""",1172724016520,failed,2023-12-01,27.0,35.30.14,860000.0
2707002775,"ООО ""СОБР""",1062713020853,failed,2024-12-18,27.0,66.19.6,10000.0
2722110430,"ООО "" ХАБТРИОН""",1122722001434,failed,2022-02-06,27.0,68.20,50000.0
2723093561,"ООО ""АЛЬЯНС-СТРОЙИНДУСТРИЯ""",1072723004859,failed,2022-09-16,27.0,68.20.29,10000.0
2723147697,"ООО ""ЛАЗУРИТ""",1122721001798,failed,2024-01-12,27.0,,
2723169972,"ООО ""ЭНЕРГИЯ-ДВО""",1142723002058,failed,2024-05-28,27.0,49.41.1,10000.0
2724084753,"ООО ""НОРД""",1052700261184,failed,2023-02-27,27.0,55.10,100000.0
2725095966,"АО ""АТР""",1102722004010,failed,2024-09-09,27.0,01.11,20000.0
2808000774,"ООО ""НАШ ДОМ""",1162801054613,failed,2024-11-13,28.0,68.32.1,10000.0
2808017577,"ООО ""Тындатрансстрой""",1062808002476,failed,2023-03-09,28.0,41.20,10000.0
2826005567,"ООО ""ТРАНС ЛАЙН""",1092808000317,failed,2023-05-02,28.0,46.1,10000.0
2901219497,"ООО ""УК ""НОВОКОМ""",1112901010100,failed,2025-02-10,29.0,68.32,25000.0
2901286133,"ООО ""НЕРТУС""",1172901006960,failed,2023-08-21,29.0,56.10,10000.0
2901299527,"ООО ""УК ""ТАЙБОЛА""",1192901009840,failed,2024-11-02,29.0,68.32.1,10000.0
2902058588,"ЗАО ""СУ ""СМК""",1082902000840,failed,2023-03-03,29.0,43.99.7,10000.0
2911006138,"ООО ""ЭКО-АЛЬТЕРНАТИВА""",1102918000426,failed,2024-06-06,29.0,16.29.1,100000.0
3009010009,"ООО ""ПРИВОЛЖСКАЯ ПМК""",1023000870265,failed,2023-04-22,30.0,42.91.2,1882000.0
3016044714,"ООО ""ИНТЕРСТРОЙ""",1053000605338,failed,2022-03-29,30.0,,
3019013351,"ООО ""КАСПИЙПРОФСЕРВИС""",1143019003467,failed,2023-03-24,30.0,35.30.4,10000.0
3102009657,"ООО ""ГК ""СТРОЙДИСКОНТ""",1153130000341,failed,2022-09-12,31.0,46.73,300000.0
3121000410,"ООО ""РУССКИЕ СИСТЕМЫ ПОЖАРОТУШЕНИЯ""",1153130000770,failed,2022-08-09,31.0,41.20,10000.0
3121008507,"ООО ""ПСК ГЕРМЕС""",1183123032223,failed,2022-10-10,31.0,41.20,100000.0
3123060284,"ООО ""МОЙДОДЫР""",1023101639505,failed,2022-01-24,31.0,47.53.3,10000.0
3123300970,"ООО ""ЭКСПЕРТПРОЕКТСТРОЙ""",1123123008854,failed,2022-02-05,31.0,41.20,10000.0
3123343476,"ООО ""ТЮС-СМП-608""",1143123007543,failed,2025-02-07,31.0,42.11,10000.0
3125008025,"АО ""БКХП""",1023101640671,failed,2024-05-28,31.0,10.91.1,29828.0
3209001682,"МУП ""МИРНИНСКИЙ ЖИЛКОМХОЗ""",1023201339699,failed,2022-02-04,32.0,68.32.1,
3257046651,"ООО ""ПК АВ ""ОЙЛ""",1163256062474,failed,2022-08-19,32.0,46.71,10000.0
3303036019,"ООО ""ЭКОТЕХ""",1173328002935,failed,2022-06-16,33.0,38.11,10000.0
3306018949,"ООО ""ТЕХНОЛОГИЯ ТЕПЛА""",1183328003451,failed,2023-10-26,33.0,35.30.2,25000.0
3321034776,"ООО ""ВОДОКАНАЛ-СЕРВИС""",1173328017125,failed,2024-12-16,33.0,36.00,10000.0
3338007139,"ООО ""ЯРОПОЛЧЪ""",1103338000864,failed,2024-09-09,33.0,68.2,500000.0
3418101610,"ООО ""ПРИКАСПИЙНЕФТЕГАЗ""",1053478403879,failed,2023-07-27,34.0,46.71.2,22020000.0
3435109986,"ООО ""ВЭР""",1113435009852,failed,2023-04-28,34.0,33.14,20000.0
3443087687,"ООО ""КРЕО""",1083443005942,failed,2024-06-07,34.0,71.11.1,10000.0
3443920517,"ООО ""СТРОЙГАРАНТ""",1133443005189,failed,2023-06-16,34.0,41.2,10000.0
3443922881,"ООО ""ТД ВЕСМАШ""",1133443018280,failed,2023-09-11,34.0,46.69.5,10000.0
3453003774,"ООО ""ТЕПЛЫЙ ГОРОД""",1163443060010,failed,2025-06-25,34.0,35.30.14,10000.0
3458000449,"ООО ""ЭКОТРАНС""",1133458000246,failed,2022-07-14,34.0,,
3460016365,"ТСН ""ДОБРЫЙ ДОМ""",1143443017893,failed,2023-07-21,34.0,68.32,
3510008524,"ООО ""КФК""",1103536001095,failed,2023-07-14,35.0,,
3525041676,"ФГУП ""ВОЛОГОДСКОЕ"" ФСИН РОССИИ",1023500885231,failed,2022-01-14,35.0,10.11,541358.0
3525213558,"ООО ""ИНСТРОЙ""",1083525016519,failed,2022-09-29,35.0,,
3525299442,"ООО ""ГОЛДТРЕЙД""",1133525007770,failed,2022-09-19,35.0,41.20,20000.0
3525346741,"ООО ""ЗСХ""",1153525008867,failed,2025-11-18,35.0,23.51,10010000.0
3525358391,"АО ""ПАТП № 1""",1153525033023,failed,2023-12-28,35.0,49.31.21,303675000.0
3525406091,"ООО ""ПОСАД +""",1173525024287,failed,2024-11-12,35.0,46.73,20000.0
3528160223,"ООО ""СКИВ""",1093528010003,failed,2023-04-10,35.0,43.2,50000.0
3528205266,"ООО ""КВАДРА СТРОЙ""",1133528008570,failed,2023-02-21,35.0,43.99.5,10000.0
3528297316,"ООО ""БАНЗАЙ МОБАЙЛ""",1183525040907,failed,2023-05-11,35.0,47.42,10000.0
3616017342,"ООО ""ГАЗСТРОЙСЕРВИС""",1143668035400,failed,2022-03-03,36.0,41.20,250000.0
3628017442,"ООО ""НДСТ-АКТИВ""",1133668047281,failed,2023-04-16,36.0,23.99.2,20000.0
3662051620,"ООО ""ГРАНД-ЭКС""",1033600065784,failed,2024-09-13,36.0,46.31.2,3110833.0
3662075589,"ООО ""КАРАТ - МАСТЕР""",1023601570827,failed,2022-04-14,36.0,31.01,100000.0
3662075780,"ООО ""ВИЗИТ-ФАРМ""",1023601582740,failed,2024-02-10,36.0,47.73,10000.0
3663089288,"ООО СК ""СИГМА""",1113668048746,failed,2023-02-08,36.0,41.20,10000.0
3663116478,"ООО ""КАЛИПСО""",1153668068311,failed,2024-02-16,36.0,,
3664117964,"ООО ""УК ""НОВЫЙ ГОРОД""",1123668013370,failed,2024-01-23,36.0,,
3666153870,"ООО ""КАИНВЕСТ-ОЙЛ""",1083668030049,failed,2022-06-20,36.0,46.71,10000.0
3666204556,"ООО ""ЦЕНТРАЛЬНЫЙ УНИВЕРМАГ""",1153668072766,failed,2022-12-01,36.0,46.41,10000.0
3701042780,"ООО ""ГОРОДСКОЙ АВТОБУС""",1073701000218,failed,2022-06-13,37.0,49.31.21,3767400.0
3702514891,"ООО ""ЭЛЕКТРОСЕТИ""",1073702002846,failed,2023-11-27,37.0,68.20,100000.0
3703040820,"ООО ""ДЕЛОВОЙ СОЮЗ""",1073703001899,failed,2025-07-24,37.0,96.04,10000.0
3704570901,"МУП ЖКХ ""НОВОГОРЯНОВСКОЕ КОММУНАЛЬНОЕ ОБЪЕДИНЕНИЕ""",1113704000266,failed,2024-12-13,37.0,35.30.5,10000.0
3713000954,"МУП РАЙОНА ""СИРИУС""",1023701591352,failed,2024-10-24,37.0,36.00,500000.0
3724019019,"ООО ""АТС""",1073704000138,failed,2025-08-11,37.0,01.61,10000.0
3730011811,"ООО ""ИВМОЛОКОПРОДУКТ""",1023700550170,failed,2025-07-28,37.0,10.51,1000000.0
3805734289,"МУП ""РКС""",1193850021760,failed,2022-01-24,38.0,81.10,101000.0
3808194465,"ООО ""ТЮС-БАЙКАЛ""",1163850063850,failed,2023-02-05,38.0,42.11,100000.0
3810012507,"ООО ""ИРМЗ""",1143850067041,failed,2022-11-12,38.0,25.11,10000.0
3811103549,"ООО ""СВЯЗЬСТРОЙ КАПИТАЛ""",1063811055934,failed,2023-05-08,38.0,68.20.2,15000.0
3811184795,"ООО""ФСК МИЛАНА""",1143850048616,failed,2022-10-03,38.0,41.20,10000.0
3812076440,"ОАО ""ИРКУТСКПЕЧАТЬ""",1033801766921,failed,2023-06-20,38.0,47.89.1,4900000.0
3812138343,"ООО ""ТЕСЛА""",1123850003265,failed,2023-01-30,38.0,41.2,40000.0
3812156649,"ООО ""БЭМ""",1143850030830,failed,2022-04-09,38.0,41.20,25000.0
3812158004,"ООО ""АТЛАНТИС""",1143850042236,failed,2023-03-12,38.0,46.38.1,10000.0
3844004222,"ООО ""ПИОНЕРСКИЙ ЛПХ""",1023802805070,failed,2023-09-21,38.0,02.20,35000124620.0
3849006417,"ООО ""РЕМСТРОЙ""",1093850028678,failed,2023-06-27,38.0,,
3906368938,"ООО ""ВИТАФЭТ""",1183926013171,failed,2024-04-18,39.0,10.42,100000.0
3906376047,"ООО ""СК ВЕСТА +""",1193926000190,failed,2025-11-12,39.0,41.20,10000.0
3906957588,"ООО ""ИНВЕСТ""",1153926009797,failed,2023-03-08,39.0,46.48.2,100000.0
3911008391,"МУП ""ЖИЛСЕРВИС""",1023902003630,failed,2025-05-20,39.0,68.32.1,
3918011322,"МУП ""КОММУНАЛЬЩИК""",1143926051257,failed,2023-06-05,39.0,36.00,8741513.0
3918012044,"ООО ""ЗТС""",1153926028740,failed,2022-09-27,39.0,,
4005001020,"ОАО""ЧЕРНЫШЕНСКИЙ ЛЕСОКОМБИНАТ""",1024000595794,failed,2022-01-25,40.0,16.21.1,8394944.0
4105045535,"ООО ""КЭСК""",1154177002253,failed,2022-01-21,41.0,42.22,10000.0
4217193080,"ООО ""ЗССО""",1194205005015,failed,2022-04-26,42.0,28.92,100000.0
4223086707,"ООО ""СЭТ-42""",1154223001624,failed,2023-07-17,42.0,35.12,20000.0
4250000931,"ООО ""СЦ""КВОЛИТИ""",1044250003600,failed,2022-02-18,42.0,16.10,10000.0
4252011304,"ООО ""СТРОЙ СИБИРЬ ТРЕСТ""",1164205054210,failed,2025-03-28,42.0,41.20,10000.0
4253997231,"ООО ""СИБ-НК""",1114253000179,failed,2022-05-24,42.0,41.20,10000.0
4318004773,"ООО ""ИСТОЧНИК""",1194350002175,failed,2025-03-25,43.0,36.00,10000.0
4611010391,"ООО""ПЛК""",1084611001463,failed,2024-08-26,46.0,46.39,10000.0
4632231666,"ООО ""ЛЕСНОЙ СОЮЗ""",1174632012741,failed,2022-04-21,46.0,16.10,80282904.0
4826053934,"ООО ""ГОРСТРОЙ""",1064823066725,failed,2024-06-07,48.0,41.20,18000.0
5008060917,"ЗАО ""ХЛАДОКОМБИНАТ ГУБЦЕВО""",1135047002530,failed,2025-01-24,50.0,10.5,10000.0
5012033828,"ТСЖ ""НОВОЕ ОЛЬГИНО""",1065012012042,failed,2023-06-08,50.0,68.32,
5022053164,"ООО МЦ ""НЕОМЕД-ПЛЮС""",1175022004002,failed,2023-07-14,50.0,86.21,50000.0
5038074547,"ООО ""ВИТА""",1105038001375,failed,2023-12-21,50.0,,
5053070730,"ООО ""СТМ""",1115053000193,failed,2022-06-17,50.0,28.41.1,900000.0
5078014128,"ОАО ""СП ""ПРАВДА""",1045011902484,failed,2022-10-30,50.0,01.1,13639700.0
5243024683,"ООО ""ВСИ""",1075243000183,failed,2022-01-22,52.0,46.74.2,11000.0
5256055431,"ООО ""КОРОЛЬ АРТУР""",1055227087189,failed,2025-10-30,52.0,47.11,500000.0
5259110610,"ООО ""НЕФТЕГАЗ""",1145259001447,failed,2025-02-13,52.0,52.10.21,10000.0
5406804234,"ООО ""ЛЮДИ ДЕЛА""",1205400006030,failed,2023-06-03,54.0,78.10,10888.0
5408005131,"ООО ""ТД ""ВЕЛЕС""",1155476092023,failed,2022-10-01,54.0,46.38,25000.0
5408100265,"ЗАО НДЦ ""Пролог""",1025403643407,failed,2025-05-21,54.0,41.20,
5417105206,"ОАО ""Александра Невского""",1075474000051,failed,2022-05-08,54.0,01.41,125484.0
5507240591,"ООО ""СТРОЙТЕХИНВЕСТ""",1135543029368,failed,2023-06-30,55.0,49.4,125000000.0
5638030904,"МП ЖКХ ""ИСКРА""",1065638051643,failed,2022-03-29,56.0,36.00.2,100000.0
5831901081,"МУП ""Коммунальное хозяйство""",1125826000343,failed,2024-05-16,58.0,36.00.2,401410.0
5902603687,"ТСЖ ""ГОРЬКОГО, 5""",1055900337976,failed,2024-03-22,59.0,68.32.1,
5903113244,"ООО ""АДМИРАЛ""",1155958010845,failed,2023-11-10,59.0,,
5904063980,"ООО ""КОМПАНИЯ ""ПРЗК""",1025900916612,failed,2022-06-19,59.0,68.2,
5947998731,"МУП ""ОЧЕР""",1145958027148,failed,2023-06-19,59.0,35.30.14,717266.0
6168102998,"ООО ""ПРОМЫШЛЕННЫЕ ТЕХНОЛОГИИ""",1186196022033,failed,2022-06-30,61.0,41.20,10000.0
6316158965,"ООО ""А-СТРОЙ""",1156316001159,failed,2024-08-30,63.0,,
6345012142,"ООО ""АКОМ-ИНВЕСТ""",1026303244373,failed,2023-04-21,63.0,24.43,10000.0
6440026346,"ООО ""МЕЧТА""",1156440000133,failed,2022-10-21,64.0,36.00.1,10000.0
6451002080,"ООО ""НАШ ДОМ""",1136451002555,failed,2022-10-21,64.0,,
6451416740,"ООО ""ЗАВОД ПВХ КОНСТРУКЦИЙ ""ОКОННЫЙ МИР""",1076451000581,failed,2022-06-25,64.0,22.23,10000.0
6603022830,"ОБЩЕСТВО С ОГРАНИЧЕННОЙ ОТВЕТСТВЕННОСТЬЮ ""УРАЛЬСКАЯ ЛЕСОПРОМЫШЛЕННАЯ КОМПАНИЯ""",1096603000691,failed,2022-02-18,66.0,02.10,14500.0
6613005721,"ООО ""КАМЗЭК""",1036600771833,failed,2024-11-28,66.0,29.31,2410000.0
6623127461,"ООО ""НЛК""",1186658049962,failed,2022-02-21,66.0,24.10,10000.0
6639013357,"ООО ""УС БАЭС""",1056600441743,failed,2022-02-16,66.0,41.2,3000000.0
6658433903,"ООО ""КОЛОМЕНСКОЕ МОЛОКО КООП""",1136658015515,failed,2022-04-25,66.0,46.19,10000.0
6671169790,"ООО МФ ""АЛЬТА""",1056604043506,failed,2025-04-18,66.0,41.20,10000.0
6678049212,"ООО ""ТРАНСИНВЕСТУРАЛ""",1146678014306,failed,2022-04-28,66.0,52.29,10000.0
6680004730,"ООО "" СЕРОВЭНЕРГО """,1146680001380,failed,2022-01-02,66.0,35.30,10000.0
6730063981,"ООО ""КОМПАНИЯ ЛЕКОР+""",1066731105418,failed,2025-11-05,67.0,11.0,10000.0
6905071827,"ООО ""ОРИАН""",1026900525475,failed,2024-09-20,69.0,68.20.2,
6931008620,"ООО ""ЖКХ-СЕРВИС""",1076915001998,failed,2023-05-05,69.0,68.32.1,25000.0
6950087160,"ООО ""УК ""КИТЕЖ""",1086952018010,failed,2022-02-03,69.0,68.32,500000.0
7017213627,"ООО ""СК СТРОЙИНВЕСТ""",1087017012917,failed,2024-04-12,70.0,46.73,13000.0
7017355854,"ООО ""РСК-СТРОЙ""",1147017011701,failed,2022-06-20,70.0,41.20,10000.0
7103022915,"ООО ""ЛАНДАР МТ""",1027100520556,failed,2022-02-28,71.0,68.1,10000.0
7113004344,"ООО ""БАРА""",1037102380490,failed,2025-06-23,71.0,42.12,100000.0
7203153686,"ООО ""ТРАНСФЛОТ""",1047200643973,failed,2022-08-07,72.0,52.29,10000.0
7203375992,"ООО ""СБУ""",1167232058641,failed,2022-06-06,72.0,43.11,10000.0
7306006274,"ООО ""МОНТАЖСТРОЙ""",1047300250865,failed,2025-04-30,73.0,42.21,10000.0
7328089669,"ООО ""АЛЕКС СТРОЙ""",1167325062618,failed,2022-07-21,73.0,43.31,10000.0
7453300855,"ООО СК ""АЛЬФА""",1167456123460,failed,2022-05-26,74.0,41.20,10000.0
7457004737,"ООО ""МВК-СЕРВИС""",1147457001504,failed,2022-02-20,74.0,36.00.1,10000.0
7610086918,"ООО ПЦ ""КОДЕКС""",1107610001553,failed,2022-08-10,76.0,69.10,10000.0
7701264999,"ЗАО ""ХИМПРОМЭКСПОРТ""",1027739914982,failed,2023-08-27,77.0,68.10.1,10000.0
7701683260,"ООО ""ИНВЕСТСТРОЙ""",5067746961596,failed,2024-08-16,77.0,71.1,20000.0
7702427491,"ООО ""Э.М.Е.""",5177746327710,failed,2022-03-26,77.0,77.11,10000.0
7703442365,"ООО ""ЛЕСТЕР""",1187746175847,failed,2023-12-29,77.0,62.02,100000.0
7704369069,"ООО ""ИТРКС""",1167746787944,failed,2024-03-08,77.0,41.20,10000.0
7704792098,"ООО ""ГЛАВСПЕЦСТРОЙ""",1117746788004,failed,2022-05-03,77.0,41.2,10000.0
7705338673,"ООО ""КРАСНАЯ ЛАДЬЯ МОС""",1147746951120,failed,2022-02-07,77.0,16.23,10000.0
7706403244,"ООО ""ТД ""ДНЕПРОСПЕЦСТАЛЬ-М""",1037706051052,failed,2023-10-30,77.0,46.72,1000000.0
7707712559,"ООО ""МС МЕДИА""",1097746617803,failed,2022-04-24,77.0,58,12500.0
7708257870,"ООО ""ЕВРОКАПСТРОЙ""",1157746479780,failed,2022-02-24,77.0,41.20,11000.0
7708590423,"ООО ""АКВА +""",1067746293845,failed,2022-10-22,77.0,31.01,10000.0
7708768924,"ООО ""РИАЛТИ ЦЕНТР""",1127746659402,failed,2022-02-05,77.0,46.73,80000000.0
7708813895,"ООО ""ИРБИС-СТРОЙ""",1147746566021,failed,2024-12-20,77.0,,
7708818269,"ООО ""КАЛАНЧЕВСКАЯ 13""",1147746857983,failed,2022-02-07,77.0,68.20,89325619.0
7709901343,"ООО ""БИЛЕТ-КЛИЕНТ""",1127746273731,failed,2024-09-02,77.0,47.2,1326484.0
7713531896,"ООО ""ВЕСТ-ИНКОМ""",1047796521574,failed,2023-03-20,77.0,79.11,10000.0
7714129210,"ООО ""АВТОЛИТ-Н""",1037700215101,failed,2022-07-28,77.0,,10000.0
7714431407,"ООО ""ГЛОБАЛ СЕРВИС""",1187746800691,failed,2023-05-15,77.0,81.22,50000.0
7714640224,"ООО ""ПЕРСПЕКТИВА""",1067746381878,failed,2025-02-11,77.0,68.10.11,250000.0
7715036657,"ООО ""ТЦ ""ОТРАДНОЕ""",1027739558120,failed,2024-10-25,77.0,95.21,20000.0
7716563293,"ООО ""ТУРБИЙОН АВТО""",1067759609642,failed,2023-03-10,77.0,46.71,10000.0
7716710036,"АО ""ТРАНССТРОЙРЕГИОН""",1127746127552,failed,2024-07-25,77.0,43.21,10000.0
7717089284,"ЗАО ""ИНТЕРСТРОЙСЕРВИС М""",1027700279056,failed,2022-03-27,77.0,,7600.0
7721297336,"ООО ""ТЕРЕНЬКОВСКИЕ ЗОРИ""",1157746344227,failed,2025-04-23,77.0,,
7721552346,"ООО ""МЕРИДИАН""",1067746452377,failed,2024-04-26,77.0,,
7722814259,"ООО ""ПРОФТЕХИНВЕСТ""",1137746612442,failed,2022-08-27,77.0,71.11,20000.0
7722849692,"ООО ""ПРОФФИТ""",1147746827986,failed,2023-12-17,77.0,93.19,10000.0
7723873761,"ООО ""АЛЬЯНСПРОЕКТ""",1137746463513,failed,2025-03-14,77.0,41.20,10000.0
7724806454,"ООО ""ПРИОРИМПЕКС""",1117746779622,failed,2023-12-07,77.0,46.34,10000000.0
7725366037,"ООО ""АКТИВ ПЕТРОЛЕУМ""",1177746340606,failed,2023-01-17,77.0,46.71,
7725822314,"ООО ""ЭЛИТСЕРВИС""",1147746295894,failed,2023-01-30,77.0,47.7,50000.0
7726556070,"ООО ""СТРОЙПАРТНЕР""",1067760918609,failed,2022-10-14,77.0,,
7726730916,"ОБЩЕСТВО С ОГРАНИЧЕННОЙ ОТВЕТСТВЕННОСТЬЮ ""УК АПОФЕМА""",1137746900664,failed,2025-03-21,77.0,71.11.1,27270.0
7727265690,"ООО ""ТЕХНИКА""",1037727056201,failed,2022-07-15,77.0,,
7727845780,"ООО ""ГРОМИНВЕСТ СТРОЙ""",5147746211113,failed,2023-12-26,77.0,41.20,25000.0
7727848244,"ООО ""ГРУППА КОМПАНИЙ ПРАЙМ""",5147746320442,failed,2022-07-22,77.0,46.66,50000.0
7733189840,"ООО ""ИНТЕХС""",1157746075740,failed,2022-09-09,77.0,41.20,10000.0
7733830365,"ООО ""БИЗНЕСЛЭНД""",1137746077534,failed,2024-04-17,77.0,,
7735564670,"ООО ""ПИВОВАРНЯ НОВОРИЖСКАЯ""",1097746784519,failed,2022-05-22,77.0,11.05,10000.0
7751511604,"ООО ""УЭК ""ЕД-2""",1137746422000,failed,2022-01-16,77.0,68.32.1,10000.0
7802322397,"ООО ""МОДУЛЬ-ПРО""",1057810272189,failed,2024-11-14,78.0,73.1,500000.0
7802425307,"ООО ""ТД ЯМАТО ТРЕЙД""",1089847087220,failed,2022-10-03,78.0,46.44.1,46000.0
7802469784,"ООО ""ФПК""",1097847134186,failed,2024-08-01,78.0,,
7802568545,"ООО ""ЭКО""",1167847133365,failed,2022-10-27,78.0,,
7805277752,"ООО ""МАГИСТРАЛЬ""",1037811071968,failed,2023-07-13,78.0,46.6,1000000.0
7810723593,"ООО ""СПБ ЭНЕРГОСТРОЙ""",1187847059762,failed,2022-10-24,78.0,41.20,10000.0
7810731844,"ООО ""СПЕЦСТРОЙМОНТАЖ""",1187847158190,failed,2023-05-13,78.0,68.20.29,10000.0
7811459609,"ООО ""СТК-МОДУЛЬ""",1107847088007,failed,2022-04-17,78.0,23.61,1000000.0
7840441148,"ЗАО ""ЕЛИСЕЕВ ПАЛАС ОТЕЛЬ""",1107847372346,failed,2022-03-23,78.0,68.20.1,15410000.0
7841394540,"ООО ""СПЕЦСТРОЙ""",1089847348953,failed,2022-06-30,78.0,41.2,1000000.0
8000027737,"ЗАО ""НОВООРЛОВСКИЙ ГОК""",1028002322424,failed,2022-07-15,80.0,07.29.42,
9102036669,"ООО ""КРЫМ МАГИСТРАЛЬ СТРОЙ""",1149102067520,failed,2022-03-31,91.0,42.11,700000.0
9102195387,"ООО ""УК ""АВЕНТИН""",1159102118867,failed,2022-01-16,91.0,68.32,10000.0
9204568084,"ООО ""СЕВГЕОЦЕНТР""",1179204010699,failed,2023-07-31,92.0,71.12,2555000.0
9701025419,"ООО ""АПРЕЛЬ-ДЕВЕЛОПМЕНТС""",5157746168355,failed,2022-04-01,97.0,68.10.1,10000.0
9705083468,"ООО ""ЭНЕРГОВОСТОК""",5167746435258,failed,2022-02-12,97.0,43.21,100000.0
7804526950,"ООО ""ТД ""ЭЛЕКТРОТЕХМОНТАЖ""",1147847063638,failed,2024-09-05,78.0,46.69.5,194000.0
2309001660,"АО ""РОССЕТИ КУБАНЬ""",1022301427268,failed,2025-12-01,23.0,35.12,39896607600.0
7725039953,"АО ""МИНБАНК""",1027739179160,failed,2023-05-01,77.0,64.19,39899999999.0
7701319704,ГУ-ГЛАВНОЕ УПРАВЛЕНИЕ ПФР №10 ПО Г.МОСКВЕ И МОСКОВСКОЙ ОБЛАСТИ,1027701022788,failed,2023-01-01,77.0,84.30,
7706092528,"ПАО БАНК ""ФК ОТКРЫТИЕ""",1027739019208,failed,2025-01-01,77.0,64.19,226487206800.0
2125005784,"МУП ""ТЕПЛОЭНЕРГО""",1042138002400,failed,2023-12-27,21.0,35.3,112214.0
4101004827,"МУП ""ТЭСК""",1024101034540,failed,2025-04-22,41.0,35.30,38900000.0
1833035585,"АО ""БМ-ЭНЕРГО""",1051801763276,failed,2024-02-16,18.0,35.30.14,95369726.0
7701105460,РНКБ БАНК (ПАО),1027700381290,failed,2025-06-12,91.0,64.19,52250972380.0
7735057951,"ООО ""ХКФ БАНК""",1027700280937,failed,2025-04-07,77.0,64.19,2107365000.0
2700001660,"ФГУП ""ГВСУ №6""",1022700931220,failed,2025-09-12,27.0,41.20,500006.0
3442123614,"АО ""ВМК ""КО""",1123459007374,failed,2023-12-28,34.0,24.10.2,2150000000.0
1106014140,"ООО ""ЛУКОЙЛ-КОМИ""",1021100895760,failed,2023-12-01,11.0,06.10.1,5758304166.0
3327329166,"АО ""ВКС""",1033301818659,failed,2022-12-01,33.0,35.30.14,1400000.0
7806247616,"ООО ""УТКОНОС""",1167847327471,failed,2025-06-27,47.0,01.25.1,10000.0
7705401340,"ФГБУ ""ФКП РОСРЕЕСТРА""",1027700485757,failed,2023-01-01,77.0,68.32,
3527009318,КОМИТЕТ ПО УПРАВЛЕНИЮ МУНИЦИПАЛЬНЫМ ИМУЩЕСТВОМ,1023502494333,failed,2023-05-02,35.0,84.11.3,
2632090725,"МУП ""ПЯТИГОРСКИЕ ИНЖЕНЕРНЫЕ СЕТИ""",1082632002859,failed,2022-05-12,26.0,33.12,1000000.0
3123427599,"ООО ""БФС""",1173123042762,failed,2023-10-27,31.0,46.38.2,10510000.0
7704731218,"АО ""ОБОРОНЭНЕРГОСБЫТ""",1097746448315,failed,2024-02-12,77.0,35.14,100000.0
1513033388,"ОАО ""ВТС""",1121513001444,failed,2022-03-10,15.0,35.11,916859000.0
7725215743,ГОСУДАРСТВЕННОЕ УЧРЕЖДЕНИЕ- ГЛАВНОЕ УПРАВЛЕНИЕ ПЕНСИОННОГО ФОНДА РФ №4 ПО Г. МОСКВЕ И МОСКОВСКОЙ ОБЛАСТИ,1027725022500,failed,2023-01-01,77.0,84.30,
0245008670,"ГУСП ""БАШСЕЛЬХОЗТЕХНИКА"" РБ",1020201301020,failed,2023-01-26,2.0,46.6,158368593.0
3526020012,АДМИНИСТРАЦИЯ ПОСЕЛЕНИЯ,1053500652721,failed,2023-06-01,35.0,84.11.3,
7725216070,ГЛАВНОЕ УПРАВЛЕНИЕ ПФР №8 ПО Г. МОСКВЕ И МОСКОВСКОЙ ОБЛАСТИ,1027725022863,failed,2023-01-01,77.0,84.30,
3414016635,"МУП ""ВОДОКАНАЛ""",1123453001363,failed,2024-11-27,34.0,36.00,164810.0
7710030362,ГУ-МОСКОВСКОЕ ОБЛАСТНОЕ РО ФОНДА СОЦИАЛЬНОГО СТРАХОВАНИЯ РОССИЙСКОЙ ФЕДЕРАЦИИ,1027700356067,failed,2023-01-01,50.0,84.30,
6102059364,"ООО ""БЕЛАРУСЬ ШИНА""",1136181003892,failed,2024-08-13,34.0,45.31.1,10000.0
5012053817,"ООО ""УК ""РЭУ №5 - НОСОВИХА""",1095012001457,failed,2024-01-11,50.0,68.32.1,20000.0
1327030735,"ООО ""ЛИСМА""",1171326006170,failed,2025-09-04,13.0,27.40,488394135.0
7723738018,"ООО ""ЭЛЕКТРОПРОМСБЫТ""",1097746735130,failed,2026-02-25,63.0,46.43.1,10000.0
7732119617,ГОСУДАРСТВЕННОЕ УЧРЕЖДЕНИЕ - ГЛАВНОЕ УПРАВЛЕНИЕ ПЕНСИОННОГО ФОНДА РОССИЙСКОЙ ФЕДЕРАЦИИ №2 ПО Г. МОСКВЕ И МОСКОВСКОЙ ОБЛАСТИ,1027732002650,failed,2023-01-01,77.0,84.30,
5029067078,ГОСУДАРСТВЕННОЕ УЧРЕЖДЕНИЕ - ГЛАВНОЕ УПРАВЛЕНИЕ ПЕНСИОННОГО ФОНДА РОССИЙСКОЙ ФЕДЕРАЦИИ №6 ПО Г.МОСКВЕ И МОСКОВСКОЙ ОБЛАСТИ,1025003532553,failed,2023-01-01,50.0,84.30,
0814154296,ППО УФНС РОССИИ ПО РК,1030800000263,failed,2023-01-27,8.0,94.20,
2801015394,"ПАО КБ ""ВОСТОЧНЫЙ""",1022800000112,failed,2022-02-14,28.0,64.19,8028885632.0
1215011170,"МУП ""ЙОШКАР-ОЛИНСКАЯ ТЭЦ-1""",1021200770634,failed,2024-02-01,12.0,35.30,40000000.0
3523011161,"ООО ""ГАЗПРОМ ТЕПЛОЭНЕРГО ВОЛОГДА""",1023502295442,failed,2025-12-08,35.0,35.30.14,
3664062338,МЕЖРАЙОННАЯ ИФНС РОССИИ №15 ПО ВОРОНЕЖСКОЙ ОБЛАСТИ,1043600195979,failed,2026-04-01,36.0,84.11.13,
7734252981,ГУ - ГУ ПФР №9 ПО Г. МОСКВЕ И МОСКОВСКОЙ ОБЛАСТИ,1027734010590,failed,2023-01-01,77.0,84.30,
6672316599,"ООО ""СПЕРАНЦА""",1106672009047,failed,2023-01-20,66.0,46.90,300000.0
3442050780,"ЗАО ""ВМЗ ""КРАСНЫЙ ОКТЯБРЬ""",1023402633132,failed,2024-06-07,34.0,24.10.2,500009000.0
0273087956,"ООО ""МАКСИМА""",1120280035325,failed,2026-02-10,2.0,46.72,10000.0
7703266053,"ООО ""СТРОЙГАЗКОНСАЛТИНГ""",1027700277967,failed,2024-06-26,77.0,41.20,30000000.0
1101482803,МЕЖРАЙОННАЯ ИФНС РОССИИ №8 ПО РЕСПУБЛИКЕ КОМИ,1041130401070,failed,2023-09-18,11.0,84.11.4,
3811113427,"ООО ""БАЙКАЛ ЛОГИСТИКА""",1073811006202,failed,2025-10-01,38.0,52.29,10000.0
7702513045,"ООО ""КОНТРАДА КАПИТАЛ""",1047796009128,failed,2025-03-06,77.0,66.30,35000000.0
7718230613,ГОСУДАРСТВЕННОЕ УЧРЕЖДЕНИЕ - ГЛАВНОЕ УПРАВЛЕНИЕ ПЕНСИОННОГО ФОНДА РОССИЙСКОЙ ФЕДЕРАЦИИ №7 ПО Г. МОСКВЕ И МОСКОВСКОЙ ОБЛАСТИ,1027718019306,failed,2023-01-01,77.0,84.30,
7709007859,"ФГУП ""ФТ-ЦЕНТР""",1027739401271,failed,2022-11-29,77.0,84.11.8,334047372.0
2225122570,"КОМИТЕТ ПО ДОРОЖНОМУ ХОЗЯЙСТВУ, БЛАГОУСТРОЙСТВУ, ТРАНСПОРТУ И СВЯЗИ ГОРОДА БАРНАУЛА",1112225008103,failed,2023-12-01,22.0,84.11.3,
6902006058,"МУП ""САХАРОВО""",1026900533923,failed,2023-06-08,69.0,35.30.14,
5321058347,"МУП ""НОВГОРОДСКИЙ ВОДОКАНАЛ""",1025300798522,failed,2024-11-01,53.0,36.00.1,106117668.0
2337020022,"ООО ""СТРОЙТРАНСАВТО""",1152337000309,failed,2023-01-27,23.0,49.4,10000.0
7202021856,"ПАО ""ЗАПСИБКОМБАНК""",1028900001460,failed,2022-01-01,72.0,64.19,1207000000.0
5047052532,ГОСУДАРСТВЕННОЕ УЧРЕЖДЕНИЕ-ГЛАВНОЕ УПРАВЛЕНИЕ ПЕНСИОННОГО ФОНДА РОССИЙСКОЙ ФЕДЕРАЦИИ №5 ПО Г. МОСКВЕ И МОСКОВСКОЙ ОБЛАСТИ,1025006179703,failed,2023-01-01,50.0,84.30,
9729030514,"АО ""РОСТЕХИНВЕНТАРИЗАЦИЯ - ФЕДЕРАЛЬНОЕ БТИ""",5167746159785,failed,2022-10-31,77.0,71.12.7,2549780512.0
6440021179,"ООО ""РОСТАГРО-САРАТОВ""",1106440000534,failed,2024-03-28,64.0,01.11,10000.0
1101095900,"ОО УК ""ЖИЛСЕРВИС""",1121101010150,failed,2025-12-30,11.0,68.32.1,10000.0
3426010758,МЕЖРАЙОННАЯ ИФНС РОССИИ №8 ПО ВОЛГОГРАДСКОЙ ОБЛАСТИ,1043400947017,failed,2022-09-19,34.0,84.1,
2901308531,"ООО ""ТОРСТРОЙ""",1222900000476,failed,2024-08-13,29.0,36.00,10000.0
1644091030,"ООО ""РИМЕРА-АЛНАС""",1171690117290,failed,2025-12-01,16.0,28.13,959527271.0
2309033598,"ФКУ УПРДОР ""КАСПИЙ""",1022301436673,failed,2026-03-19,30.0,52.21.2,
3906110008,МЕЖРАЙОННАЯ ИФНС РОССИИ №9 ПО ГОРОДУ КАЛИНИНГРАДУ,1043905000017,failed,2022-08-29,39.0,84.11.4,
3906109620,"ООО ""ВЕСТ-АЛКО""",1033902810413,failed,2025-05-21,39.0,11.01.1,80010000.0
7730060164,ПАО РОСБАНК,1027739460737,failed,2025-01-01,77.0,64.19,15514018530.0
3444140710,"КПК ""КРЕДИТНЫЙ СОЮЗ ""ВКБ-КРЕДИТ""",1063444065717,failed,2025-06-06,34.0,64.99.6,
1101004500,"ТСЖ ""ПОКРОВСКИЙ-6""",1061101040725,failed,2022-08-04,11.0,68.32.1,
2130000012,ИФНС РОССИИ ПО Г.ЧЕБОКСАРЫ,1062128190850,failed,2022-08-29,21.0,84.11.4,
7728690708,"АО ""САЛАВАТСТРОЙТЭК""",1097746005048,failed,2024-05-06,78.0,46.63,100000.0
7750005482,"АО ""СМП БАНК""",1097711000078,failed,2024-01-01,77.0,64.19,12422661110.0
2634003750,ГУ-СТАВРОПОЛЬСКОЕ РО ФОНДА СОЦИАЛЬНОГО СТРАХОВАНИЯ РОССИЙСКОЙ ФЕДЕРАЦИИ,1022601948665,failed,2023-01-01,26.0,84.30,
4101111674,"ГУП ""СПЕЦТРАНС""",1064101065005,failed,2023-05-24,41.0,38.11,24778252.0
3703005431,МЕЖРАЙОННАЯ ИФНС РОССИИ №5 ПО ИВАНОВСКОЙ ОБЛАСТИ,1043700430025,failed,2022-10-24,37.0,84.1,
3127509972,"АО ""ЗАГОРЬЕ""",1043108701448,failed,2024-06-13,31.0,01.47,80268058.0
7017386186,МЕЖРАЙОННАЯ ИФНС РОССИИ №7 ПО ТОМСКОЙ ОБЛАСТИ,1157017017486,failed,2022-10-24,70.0,84.11.13,
6818028261,АДМИНИСТРАЦИЯ ОКТЯБРЬСКОГО СЕЛЬСОВЕТА СОСНОВСКОГО РАЙОНА ТАМБОВСКОЙ ОБЛАСТИ,1066809002556,failed,2024-06-28,68.0,84.11.31,
3019007982,"ООО ""ПКФ ""КЕРАМЗИТ""",1133019001961,failed,2022-11-07,30.0,23.99.6,10000.0
2462031261,"АО ""ГАМБИТ""",1042402103105,failed,2022-10-18,24.0,22.21,1098000.0
6811005473,АДМИНИСТРАЦИЯ ДМИТРИЕВСКОГО ПОССОВЕТА НИКИФОРОВСКОГО РАЙОНА ТАМБОВСКОЙ ОБЛАСТИ,1066807000721,failed,2024-06-27,68.0,84.11.32,
2126003807,"ООО ""ГАЗПРОМ МЕЖРЕГИОНГАЗ ЧЕБОКСАРЫ""",1022100971210,failed,2026-01-15,21.0,46.71,
7734003657,"ФГУП ""ГВСУ ПО СПЕЦИАЛЬНЫМ ОБЪЕКТАМ""",1037739019438,failed,2025-09-04,28.0,41.20,500000.0
3328009708,МЕЖРАЙОННАЯ ИФНС РОССИИ №14 ПО ВЛАДИМИРСКОЙ ОБЛАСТИ,1043302100555,failed,2023-03-27,33.0,84.11.4,
3327101228,"ГУП ""ВЛАДИМИРГРАЖДАНПРОЕКТ""",1033301800696,failed,2024-04-18,33.0,71.11,14000000.0
3811142918,"ООО ""СПЕЦХИММОНТАЖ""",1103850028017,failed,2023-03-29,38.0,43.99.5,15000.0
9705034527,"ООО ""КАРШЕРИНГ РУССИЯ""",1157746288083,failed,2023-10-18,77.0,77.11,10000.0
5036049545,"МУП ""УК ПОДОЛЬСК""",1035007206090,failed,2025-03-26,50.0,68.32.1,473194513.0
2460000726,"МП ""МУК КРАСНОЯРСКАЯ""",1022401797000,failed,2025-02-17,24.0,68.32.1,16218192.0
6315800001,ДУИ Г.О.САМАРА,1026300959871,failed,2026-03-02,63.0,84.11.35,
5047130999,"МУП ""ЖИЛИЩНИК Г.О. ХИМКИ""",1125047002497,failed,2024-11-28,50.0,68.32.1,102230.0
9722004963,"ООО ""ОНЛАЙН-ГИПЕРМАРКЕТ""",1217700342287,failed,2024-11-01,77.0,47.91,1500000000.0
3915007800,"МУП "" ЧИСТОТА""",1023902213125,failed,2024-11-19,39.0,38.1,
5105032633,"ГОБУЗ ""КОЛЬСКАЯ ЦРБ""",1125105001361,failed,2025-10-01,51.0,86.10,
3305034017,"МУП ""ЖИЛЭКС""",1033302201437,failed,2025-12-30,33.0,35.30.14,46120780.0
0274100871,"ГУП ""ФЖС РБ""",1040203922660,failed,2025-09-12,2.0,68.10.11,89382396.0
7705059380,"ГУП ""ЦУГИ""",1037700022975,failed,2024-11-26,77.0,68.32,4268850529.0
4633017190,"МУП ""ЕРЦ""",1054679019548,failed,2025-05-28,46.0,68.32.1,1397946.0
3663090798,"АО ""УК ЛЕВОБЕРЕЖНОГО РАЙОНА""",1123668009376,failed,2025-11-28,36.0,69.10,100000.0
3443066310,"ООО ""РУСОЙЛ""",1053477413813,failed,2025-03-13,34.0,41.20,149990000.0
7839446350,"ООО ""НЕВСКОЕ""",1117847269946,failed,2026-04-02,78.0,61.10.4,10000.0
3665087007,"АО ""УК ЛЕНИНСКОГО РАЙОНА""",1123668009740,failed,2026-04-21,36.0,69.10,100000.0
2462048667,"МП Г. КРАСНОЯРСКА ""МУК ""ПРАВОБЕРЕЖНАЯ""",1162468091719,failed,2024-12-28,24.0,68.32.1,3267700.0
3443900285,"КООПЕРАТИВ АВТОГАРАЖЕЙ ""СПУТНИК - 2""",1023402986640,failed,2026-02-26,34.0,52.21.24,
4501002912,"МУП""ПРОМЕТЕЙ""",1024500510220,failed,2025-02-20,45.0,68.32.1,54566202.0
0274912753,"ООО УК ""ЭТАЛОН-СЕРВИС""",1160280059807,failed,2025-09-25,2.0,68.32,31000.0
3444095024,"ООО ""СПРИНТ СЕТЬ""",1023403439840,failed,2025-10-22,34.0,61.10.4,100000.0
3461065407,"ООО УК ""РАССВЕТ ЮГ""",1193443012707,failed,2025-09-29,34.0,68.32.1,10000.0
1701063434,"МУП ""АРС"" Г. КЫЗЫЛА",1191719001352,failed,2024-12-16,17.0,68.32,100000.0
3711024195,"АО ""САВИНСКИЙ ТЕПЛОСЕРВИС""",1083711002429,failed,2024-04-15,37.0,35.3,4969000.0
5836659451,"ООО ""ФУК""",1145836000276,failed,2025-11-12,58.0,68.32,10000.0
3444131811,"ТСЖ ""ПРЕСТИЖ""",1063444023389,failed,2026-02-26,34.0,68.32.1,
1434053261,"ООО ""ФЛАГМАН""",1211400005398,failed,2026-01-26,14.0,68.32,20000.0
3329088445,"ООО ""ВЛАДТЕПЛОРЕСУРС""",1163328068200,failed,2023-09-13,33.0,35.30.1,10000.0
6911022708,"ОАО ""ЖКХ РЕДКИНО""",1056910001785,failed,2026-02-02,69.0,35.30,100000.0
6453006428,"МУП""СКК""",1026403058175,failed,2024-10-01,64.0,35.30,
3438008249,"ООО ""ГУК""",1093457000295,failed,2026-02-26,34.0,68.32.1,10000.0
6950229262,"ООО УК ""КОРУНД""",1196952007174,failed,2025-07-07,69.0,68.32.1,10000.0
4501224062,"ООО ""УК ""ТАНДЕМ""",1194501002684,failed,2026-01-16,45.0,68.32,12000.0
3426012811,"МУП ЖКХ ""БОЛЬШЕЧАПУРНИКОВСКОЕ КХ""",1083458001076,failed,2025-03-26,34.0,36.00.2,500000.0
9102064306,"МУП ""АВАНГРАД""",1149102171492,failed,2025-01-31,91.0,68.32,100000.0
6164240637,"ООО ""ПАРИТЕТ""",1056164222290,failed,2026-03-31,34.0,43.99.7,10000.0
7136500645,"ТСЖ ""ПОСЕЛКА СПИЦИНСКИЙ ЯСНОГОРСКОГО РАЙОНА, ТУЛЬСКОЙ ОБЛАСТИ""",1097154007268,failed,2025-11-06,71.0,68.32.1,
5262075980,"МП ""ИНЖЕНЕРНЫЕ СЕТИ""",1025203738812,failed,2025-01-15,52.0,35.13,156058485.0
2464148882,"ТСЖ ""МАТРОСОВА 5""",1192468017741,failed,2025-07-28,24.0,68.32,
1428002942,"МУП ""ТЭК""",1161447061676,failed,2024-12-28,14.0,35.30.14,2100000.0
3525205236,"ОБЩЕСТВО С ОГРАНИЧЕННОЙ ОТВЕТСТВЕННОСТЬЮ ""УПРАВЛЯЮЩАЯ КОМПАНИЯ ""РЕГИОНАЛЬНЫЕ ЭКСПЛУАТАЦИОННЫЕ СЕТИ - 12 ПЛЮС""",1083525007829,failed,2025-12-29,35.0,68.32.1,10000.0
7751201673,"ГБУ ""ЖИЛИЩНИК МОСКОВСКИЙ""",1217700337942,failed,2025-05-14,77.0,81.29,
3665086317,"АО ""УК СОВЕТСКОГО РАЙОНА""",1113668054675,failed,2026-03-10,36.0,69.10,100000.0
3329037070,"МКП Г. ВЛАДИМИРА ""ЖКХ""",1053303670640,failed,2025-04-24,33.0,68.32.1,
3448006530,"ОАО ""ВГСЗ""",1023404355270,failed,2024-09-30,34.0,68.20.2,
3446048559,"ООО ""ВОЛЖСКИЙ СТАНДАРТ""",1123460007351,failed,2024-09-27,34.0,68.32,10000.0
5614042555,"ООО ""УСПЕХ""",1085658005190,failed,2026-04-14,56.0,68.32,11000.0
7841443420,"ФКУ ""ОСК ЗВО""",1117847144876,failed,2024-06-05,78.0,84.22,
5238005879,"МУП ""АРХАНГЕЛЬСКОЕ ЖКХ""",1075221000513,failed,2024-11-13,52.0,68.32.1,100000.0
3409011550,"МУП ""КАЛАЧЖИЛЭКСПЛУАТАЦИЯ""",1063455048117,failed,2025-02-11,34.0,68.32.1,100000.0
2130049804,"ООО ""ЖИЛИЩНАЯ КОМПАНИЯ""",1082130016792,failed,2025-09-24,21.0,68.32,10000.0
3665080890,"ООО ""УК РЭК №22""",1103668040079,failed,2025-10-07,36.0,69.10,25000.0
6413009567,"МУП ""ЕРШОВСКОЕ"" МО Г. ЕРШОВ",1136413000437,failed,2025-08-14,64.0,96.03,2331965.0
2504000684,"МУПВ ""ВПЭС""",1022501899177,failed,2025-12-22,25.0,35.12,1276178603.0
3808100851,"ООО ""БАЙКАЛСПЕЦТОРГ""",1043801004290,failed,2025-07-24,38.0,46.1,10000.0
4202043646,"МУП ""ЖКХ ""БЕЛОВСКИЙ РАЙОН""",1124202000460,failed,2025-12-15,42.0,35.30.14,27482697.0
2813010288,"МКП ""ИСТОК""",1172801009116,failed,2024-12-25,28.0,36.00.2,
3430032930,"МУП ""ЖИЛКОМХОЗ СУРОВИКИНСКИЙ""",1033401127980,failed,2025-12-02,34.0,35.30.3,3700000.0
3525199367,"ОБЩЕСТВО С ОГРАНИЧЕННОЙ ОТВЕТСТВЕННОСТЬЮ ""УПРАВЛЯЮЩАЯ КОМПАНИЯ ""РЕГИОНАЛЬНЫЕ ЭКСПЛУАТАЦИОННЫЕ СЛУЖБЫ - 2""",1083525002153,failed,2024-11-12,35.0,68.32.1,10000.0
3922006974,"МКУП ""ПОЛЕССКОЕ ЖЭУ""",1053915502563,failed,2024-11-14,39.0,35.30.3,
3661055928,"АО ""УК ЖЕЛЕЗНОДОРОЖНОГО РАЙОНА""",1123668009607,failed,2025-09-24,36.0,69.10,100000.0
5236004975,КАТУНСКОЕ МУП ЖКХ,1025201677533,failed,2025-09-04,52.0,68.32,
5238005808,"МУП ""ВОСХОД""",1075221000271,failed,2024-11-13,52.0,68.32.1,135621.0
4313011093,"ООО ""ЖКХ ОЛИСТА""",1184350012164,failed,2026-04-15,43.0,35.30.14,10000.0
5007044408,"ООО ""ДМИТРОВЭНЕРГО""",1045001601743,failed,2024-11-11,50.0,35.12,10000.0
2111002582,"МУП ЖКУ ""ШОРШЕЛЫ""",1172130017322,failed,2024-07-11,21.0,35.30.14,100000.0
3731001076,"АО ""СТРОЙИНДУСТРИЯ-ХОЛДИНГ""",1023701513110,failed,2024-02-05,37.0,41.20,
0326507075,"ООО ""ЭНЕРГОРЕСУРС""",1120327011617,failed,2026-04-08,38.0,35.1,10000.0
0273042850,"АО ""СТРОИТЕЛЬ""",1020202393364,failed,2025-03-28,2.0,70.22,
3665084006,"ООО ""УК МАСТЕР""",1113668028430,failed,2026-03-16,36.0,69.10,21000.0
3459078409,"ООО ""ФЛОТИЛИЯ 7А""",1193443006020,failed,2025-12-25,34.0,68.32.1,10000.0
4101182812,"ООО УК ""КХК""",1174101018233,failed,2026-04-02,41.0,68.32,15000.0
5238005533,"МУП ""ПРАКТИК""",1065221003748,failed,2024-11-13,52.0,68.32.1,3242924.0
5106000176,"ГОУП ""ВОДОКАНАЛ-РЕВДА""",1135108000389,failed,2026-04-09,51.0,36.00.1,5600000.0
3454005189,"МУП КХ "" НОВОНИКОЛЬСКОЕ""",1183443017152,failed,2025-07-31,34.0,36.00,157617.0
6440027149,"ООО ""НЕФТЯНИК""",1156451003554,failed,2025-12-05,64.0,68.32.1,10000.0
6143014080,"МУП ""ВГЭС""",1026101926070,failed,2025-06-02,61.0,35.12,
5108900020,"ГОБУЗ ""ОЦРБ""",1025100676325,failed,2025-10-01,51.0,86.10,
3414016000,"МУП ""БЛАГОУСТРОЙСТВО""",1063453034534,failed,2024-09-20,34.0,38.1,100000.0
5025018827,"МП ""ДОМОВЛАДЕНИЕ""",1035004802469,failed,2025-06-16,50.0,68.32.1,975300.0
6440021612,"ООО ""УК ПРОГРЕСС""",1116440000291,failed,2026-03-26,64.0,68.32,10000.0
3324121667,"МКП Г. СУДОГДА ""КОММУНАЛЬЩИК""",1083337000340,failed,2026-01-16,33.0,68.32,206291.0
0221006233,"ООО ""РЕГИОН-РЕСУРС""",1200200061907,failed,2025-10-17,2.0,36.00.1,10000.0
4329020142,"МУП ""ТЕПЛОПРОВОДНОСТЬ""",1194350009424,failed,2024-09-30,43.0,35.30.14,100000.0
2102421428,"ООО ""УПРАВЛЯЮЩАЯ КОМПАНИЯ ""ЖИЛИЩЕ""",1082133000278,failed,2025-12-22,21.0,35.13,10000.0
3522004605,"МУП ""ЧАГОДАВОДОКАНАЛ""",1173525023210,failed,2024-05-21,35.0,36.00,196000.0
2248005745,"МУП ""П И Б"" АД КЛ СС КЛ Р АЛТ КР",1162225101334,failed,2024-06-28,22.0,81.29.9,378500.0
3250066190,"МУП ""ЖИЛСПЕЦСЕРВИС"" Г.БРЯНСКА",1063250030084,failed,2025-03-17,32.0,68.32.1,100000.0
5019027975,"ООО ""УК ГОРОДСКОГО ОКРУГА КАШИРА""",1165019050679,failed,2025-06-16,50.0,68.32.1,100000.0
5029007230,"МУП ""ЖИЛИЩНОЕ ХОЗЯЙСТВО МЫТИЩИ""",1025003513611,failed,2025-05-12,50.0,68.32.1,42429944.0
5244031690,"МУП ""МП ""БРКК""",1185275067438,failed,2025-05-23,52.0,36.00.1,500000.0
7810263434,"АО ""СВЯЗЬ""",1037821033062,failed,2025-12-30,78.0,72.19,
6449101968,"ООО УК ""ТЕНДЕНЦИЯ""",1226400001013,failed,2025-12-18,64.0,68.32.1,10000.0
3123071286,"АО ""СВЯЗЬТЕЛЕКОМ""",1023101674177,failed,2025-07-23,31.0,61.10,
5109800090,"ГОБУЗ ""ПЕЧЕНГСКАЯ ЦРБ""",1025100688250,failed,2025-10-01,51.0,86.10,
6661093291,"ЕМУП ""СУЭРЖ""",1026605239495,failed,2024-10-01,66.0,68.32.1,1883990.0
3663110959,"ООО ""УК ДЕЛЬФИН""",1153668020065,failed,2025-12-04,36.0,68.32,11000.0
6630010880,"МУП ""ТЕХНОДОМ""",1056601892016,failed,2024-12-12,66.0,68.32.1,100000.0
3445094471,"ТСЖ ""ПРОФСОЮЗНОЕ""",1083460001503,failed,2025-07-31,34.0,68.32.1,
2225225504,АНО ДССП ПО АК,1222200009272,failed,2026-03-16,22.0,93.11,
5238005558,"МУП ""СМИРНОВЕЦ""",1065221003825,failed,2024-11-13,52.0,68.32.1,100000.0
3324008541,"САДОВОДЧЕСКОЕ НЕКОММЕРЧЕСКОЕ ТОВАРИЩЕСТВО ""ХИМИК""",1023302751944,failed,2026-01-19,33.0,68.32.2,
3703002014,"МУП Г. КИНЕШМЫ ""ОК И ТС""",1023701273639,failed,2022-09-23,37.0,35.30,128782.0
6433000611,"ООО УК ""РОЗОВОЕ""",1066443009820,failed,2024-11-29,64.0,36.0,10000.0
3245512883,"МУП ""КОМАРИЧСКИЙ КОММУНАЛЬЩИК""",1133256014902,failed,2026-03-05,32.0,38.1,
2722062627,"МУП Г. ХАБАРОВСКА ""УО МКД""",1072722004277,failed,2024-10-03,27.0,68.32.1,100000.0
6825005970,"ООО ""КОТОВСКАЯ ТЭЦ""",1136820001174,failed,2024-11-29,68.0,35.12,324823289.0
6712007920,МУУП ЛОСНЕНСКИЙ ЖЭУ,1066712011618,failed,2024-08-05,67.0,36.00,387135.0
3025014378,"ООО ""ГАРАНТИЯ""",1153025000545,failed,2025-04-29,8.0,49.32,10000.0
6658515673,"ООО ""УК ""ЖИЛСТАНДАРТ""",1186658032098,failed,2025-04-17,66.0,68.32.1,10000.0
7704307993,"ООО ""ГУЖФ""",1157746180305,failed,2023-11-13,77.0,68.32.1,10000.0
6725034939,"МУП ""СТОДОЛИЩЕ""",1216700007556,failed,2024-12-11,67.0,36.00.2,100000.0
1615013422,"ООО ""РЕГИОН СЕРВИС""",1171690037969,failed,2025-05-14,16.0,73.11,12500.0
3207000690,"САДОВОДЧЕСКОЕ НЕКОММЕРЧЕСКОЕ ТОВАРИЩЕСТВО ""МАШИНОСТРОИТЕЛЬ""",1023202142182,failed,2025-07-30,32.0,01.13.1,
7536100384,"ДНТ ""ПРИБРЕЖНОЕ""",1097536002211,failed,2025-08-25,75.0,01.1,
3327114869,"ТСЖ ""КРАСНОАРМЕЙСКАЯ 43 К""",1133327001103,failed,2025-08-01,33.0,68.32.1,
3304026969,"ООО ""ТЕПЛОРЕСУРС""",1213300003102,failed,2025-05-05,33.0,35.30.5,10000.0
3442017253,"СНТ ""ЗАРЯ""",1023402638357,failed,2024-05-22,34.0,01.11,
2206002164,"МБУ СП ""СШ ЗМЕИНОГОРСКОГО РАЙОНА""",1022200729341,failed,2024-11-02,22.0,93.1,
3527023432,"МУП ЖКХ ""ПЕРСПЕКТИВА""",1183525029896,failed,2024-10-17,35.0,35.30.1,1100000.0
5043029645,"МУП ""РАЗВИТИЕ ГОРОДСКОГО ХОЗЯЙСТВА""",1075043000141,failed,2024-12-12,50.0,68.32.1,100000.0
3915006902,"МУП ""УК ЖКК""",1153926018861,failed,2025-02-10,39.0,68.32,100000.0
3665102551,"ООО УК ""ЖИЛФОНД""",1143668043210,failed,2025-02-21,36.0,68.32,10000.0
3461063880,"ООО ""АЛЫЕ ПАРУСА""",1183443012070,failed,2025-11-27,34.0,68.32.1,11000.0
3441500468,ЖСК-9,1023402461202,failed,2025-07-31,34.0,68.32.1,
6917002994,"МУП ""АНДРЕАПОЛЬСКИЕ ТЕПЛОВЫЕ СЕТИ II""",1116913001589,failed,2025-04-23,69.0,35.30.14,250000.0
1513069578,"ООО ""ВЛАДУПРАВДОМ""",1181513001218,failed,2025-02-17,15.0,68.32,10000.0
9103017595,"МУП ""МАРТЬЯН""",1149102178334,failed,2024-05-23,91.0,68.32.1,720000.0
7202168305,"ООО ""ЮГОРИЯ 7""",1077203052497,failed,2026-03-23,72.0,68.32.1,12000.0
4329018545,"МУП ЖКХ ""ЗАПАД""",1164350066055,failed,2024-08-13,43.0,35.30.3,15990604.0
7536047349,"СНТ №131 ""ГЕОДЕЗИСТ""",1027501164932,failed,2025-08-04,75.0,01.25.1,
3233013304,"МУП ""ЖИЛКОМСЕРВИС"" ВОЛОДАРСКОГО РАЙОНА Г.БРЯНСКА",1053211026406,failed,2024-12-27,32.0,68.32.1,193430.0
7736211074,"ООО ""ОКС СУ №155""",1027700186172,failed,2023-12-25,77.0,70.22,10000.0
0912001675,"МУП ""УКЖКХ ЗЕЛЕНЧУКСКОГО РАЙОНА""",1070912000147,failed,2025-03-20,9.0,36.00.2,600000.0
2209014383,"МУП ""ГОСТИНИЧНЫЙ КОМПЛЕКС ""АЛЕЙ""",1022200805395,failed,2025-02-18,22.0,55.10,487536.0
3443148756,"ООО ""ИНТЕРВАЛ""",1223400006334,failed,2025-05-30,34.0,35.30,50000.0
5835061161,"МУП ""ПЕНЗЕНСКИЕ БАНИ""",1055802572308,failed,2024-12-02,58.0,96.04,100000.0
5638029585,"МП ""ЮЖНОУРАЛЬСКИЙ""",1065638006830,failed,2024-12-25,56.0,36.00.1,100000.0
3661056103,"ООО ""УК РАЙДЕЗ ЖКХ ЖЕЛЕЗНОДОРОЖНОГО РАЙОНА""",1123668013116,failed,2025-09-25,36.0,69.10,21000.0
7726285334,"ЖСК ""ГИПРОВУЗ-2""",1027700446806,failed,2025-08-08,77.0,68.32.1,
1513059379,"ТСН ""ВЕСНА 7/2""",1161513052436,failed,2025-09-04,15.0,68.32,
6906013578,"МУП ""ДОРОХОВО""",1226900009236,failed,2025-06-27,69.0,68.32,180000.0
6725034390,"МУП ""ВОДОЛЕЙ""",1206700014135,failed,2024-09-20,67.0,36.00,600000.0
1300012383,"ГАУ РЕСПУБЛИКИ МОРДОВИЯ ""ЦЦР""",1241300003108,failed,2025-07-01,13.0,72.19,
3711024621,"ТСЖ ""ЧЕРНОРЕЧЕНСКИЙ""",1093711000316,failed,2022-12-30,37.0,68.32,
3703045794,"МУП ""ЗАВОЛЖСКИЙ КОММУНАЛЬЩИК""",1123703000046,failed,2022-06-28,37.0,36.0,224241.0
3250526578,"ОАО ""САНАТОРИЙ ""СНЕЖКА""",1113256018600,failed,2025-12-10,32.0,86.90.4,8398000.0
4510026902,"МУП ""РОДНИК""",1114510000461,failed,2024-12-28,45.0,68.32.1,100000.0
7536032857,"СНТ №139 ""РУЧЕЕК""",1037550017812,failed,2025-08-04,75.0,68.32.2,
1701043741,"МУП ОП ""ШКОЛЬНИК"" Г.КЫЗЫЛА",1081701000831,failed,2024-12-13,17.0,56.29,108381.0
3711038543,"МУП ЖКХ ""ТЕПЛОЭНЕРГЕТИК""",1153711001619,failed,2024-12-06,37.0,35.30,189392.0
5103021241,"ГОУП ""КИРОВСКАЯ ГОРЭЛЕКТРОСЕТЬ""",1045100030799,failed,2024-10-01,51.0,35.12,16395239.0
6321112170,"ОАО ""ЗИФ ПЛЮС""",1026301979109,failed,2025-07-11,63.0,20.51,10000000.0
2456009998,"МУП ""КРАСНОСОПКИНСКОЕ ЖКХ""",1052456011080,failed,2025-08-29,24.0,35.30.14,100000.0
2225214397,"ООО ""АРТИКУЛ""",1202200023420,failed,2024-05-28,22.0,41.20,10000.0
2241002583,"ГУП ДХ АК ""СЕВЕРО-ЗАПАДНОЕ ДСУ""",1032202269197,failed,2024-09-17,22.0,42.11,43945156.0
1101147019,"ООО ""ТД КОНДИТЕРЪ""",1131101009280,failed,2023-11-13,11.0,10.71,10000.0
2623804170,"МУП ""ЖЭК""",1142651029212,failed,2024-12-05,26.0,68.32,100000.0
1841035010,"ООО ""НАРОДНОЕ""",1131841004790,failed,2025-10-29,18.0,68.32,100000.0
3664107194,"ООО ""РЭК СОДРУЖЕСТВО""",1103668034557,failed,2025-12-15,36.0,69.10,21000.0
3435135672,"ООО ""УК СПЕКТР""",1193443000772,failed,2025-06-30,34.0,68.32,10000.0
6950247656,"ООО УК ""ЮНИКА""",1216900001328,failed,2023-11-15,69.0,68.32.1,12500.0
2465142731,"ООО""ЖКК""",1162468066738,failed,2026-03-18,24.0,68.32,10000.0
2823001130,"МКП СВОБОДНЕНСКОГО РАЙОНА ""РКР""",1222800004195,failed,2026-01-28,28.0,36.00.2,
7203419167,"ООО ""ЖИЛОЙ РАЙОН НОВИН. СУРГУТ""",1177232014486,failed,2025-02-13,86.0,71.12.2,10000.0
1657238763,"ООО ""ИНОТЕХ""",1171690070760,failed,2022-07-29,16.0,02.10,10000.0
1513064097,"ТСН ""ФАДАТ""",1171513000922,failed,2025-11-13,15.0,68.32.1,
1513072771,"ТСН ""ИРИСТОН-178""",1181513006993,failed,2024-11-19,15.0,68.32.1,
3906302020,"ООО ""УК ""ДЕЙМА""",1133926030270,failed,2024-12-27,39.0,68.32.1,10000.0
3703011227,"АО ""КПТФ""",1023701272121,failed,2025-03-14,37.0,21.20.2,
4520003750,"ООО ""ЗАУРАЛЬЕХЛЕБ""",1024501575174,failed,2026-03-03,45.0,01.11.1,11786.0
6681011498,"ООО ""КТЖБ""",1206600050238,failed,2026-04-03,66.0,23.61,10000.0
2259007705,"МКП ""АКВАДОМ"" ННР АК",1222200000131,failed,2025-11-11,22.0,36.00,
1907004143,"МУП ЖКХ ""СОВХАКАССКОЕ""",1141903000733,failed,2025-09-19,19.0,35.30,
6923008803,"МУП ""КХ ""ЗУБЦОВСКОЕ""",1196952007900,failed,2025-11-11,69.0,35.30,100000.0
5501083060,"ООО ""СК ""ТРЭЙС-РЕГИОН""",1055501002700,failed,2025-09-24,54.0,41.20,20000.0
3456004078,"ООО ""МРКХ""",1183443000180,failed,2026-02-27,34.0,35.30.14,45479972.0
6909000168,"МУП ""ПЖРЭУ""",1026901663942,failed,2025-04-11,69.0,68.32.1,550000.0
6901070861,"ООО ""РЭУ МОСКОВСКОГО РАЙОНА""",1056900020430,failed,2025-11-20,69.0,38.11,10000.0
0278100537,"ООО ""ЖИЛКОМСЕРВИС""",1040204594341,failed,2024-01-09,2.0,68.32.1,12000.0
3905605551,"ООО ""УК ЭДЕЛЬВЕЙС""",1083925041738,failed,2025-12-08,39.0,68.32,10000.0
0274950886,"ООО ""ЖЭУ №6 КИРОВСКОГО РАЙОНА Г. УФЫ""",1190280068890,failed,2026-02-06,2.0,68.32.1,10000.0
0273944738,"ООО ""СИПАЙЛОВСКОЕ ЖЭУ""",1220200010535,failed,2025-12-30,2.0,68.32.1,10000.0
7612003466,УМИГ И ЗО АУМР,1027601303685,failed,2026-01-12,76.0,84.11.3,
3849029220,"ООО ""НИКА""",1133850019962,failed,2022-07-21,38.0,31.0,20000.0
3811009708,"ООО ""ЗЕРНО ТРЕЙД""",1143850066535,failed,2025-05-20,38.0,46.21.11,10000.0
0724003133,"ООО ""РОДНИК""",1140724000075,failed,2026-01-16,7.0,36.00,11000.0
5215001797,"МУП ЖКХ ""ТЕПЕЛЕВСКОЕ""",1095250003056,failed,2025-02-17,52.0,68.32.1,100000.0
5215000779,БЕЛОЗЁРОВСКОЕ МУМППЖКХ,1065250026654,failed,2024-04-27,52.0,37.00,2972622.0
5244029437,"МУП ""МП ""КОНЕВО"" МО ""БМО"" НО""",1155248001358,failed,2025-05-23,52.0,35.30,100000.0
7402009630,"МУП ""БУЛЗИНСКИЙ ЭУЖКХ""",1077402000642,failed,2024-12-26,74.0,35.30.4,365670.0
7401015416,"ООО ""ЮУЭМА""",1107401000321,failed,2024-12-02,74.0,43.21,10000.0
7841481351,"ООО ""2412""",1137847146832,failed,2023-10-24,78.0,49.32,15000.0
7113500328,"МУП ""ГКС""",1087154009425,failed,2024-12-23,71.0,43.99.4,106579.0
5603049478,"ООО ""ОМЕГА""",1225600008930,failed,2026-02-16,56.0,47.19,10000.0
3717005583,"ООО ""ПАЛЕХСКИЕ ВКС""",1063706012556,failed,2022-08-31,37.0,36.00.2,12000.0
7524002801,"СНТ ""СОСНОВЫЙ""",1047527002522,failed,2025-08-11,75.0,01.1,
2901307418,"ООО ""АТГК""",1212900006440,failed,2023-11-24,29.0,35.30,1000000.0
0274917409,"ООО УК ""ЖЭУ №2""",1160280094061,failed,2025-08-21,2.0,68.32.1,20000.0
5826901520,"МКП ""ГОРОД"" Г.НИКОЛЬСКА",1115826002566,failed,2025-01-15,58.0,81.29.9,
7716934036,"ООО ""СФЕРА АВТОМАТИКА""",1197746192280,failed,2026-04-22,77.0,43.21,10000.0
2209032946,"ООО УК ""ВЫСОТА""",1072209001369,failed,2025-07-31,22.0,68.32.1,10000.0
7703369242,"ЗАО ""СЕЛЬКОХОЗЯЙСТВЕННОЕ ОБЪЕДИНЕНИЕ ЛУЧ""",1037703008210,failed,2025-02-27,77.0,46.90,10000.0
1326186585,"МП ГО САРАНСК ""ГОРОДСКИЕ БАНИ""",1021300986684,failed,2024-07-25,13.0,96.04,1045033.0
4329012409,"МУП ""УК ""СЕВЕР""",1084329000040,failed,2024-09-06,43.0,68.32.1,100000.0
4105086852,"ООО УК ""ЭКОНОМ ЖКХ""",1184101001391,failed,2025-03-28,41.0,68.32,25000.0
3702677896,"ООО ""РСУ-ПРОГРЕСС""",1123702022630,failed,2024-11-06,37.0,68.32.1,10000.0
3811083395,"ТСЖ ""ДОМСИБСТРОЙ""",1043801546392,failed,2025-12-12,38.0,68.32.1,10000.0
7703434678,"ООО ""БИЗНЕС ГРУПП""",5177746054910,failed,2025-07-10,77.0,41.10,10000.0
5630002366,"ГАУЗ ""КВАРКЕНСКАЯ РБ""",1025602487998,failed,2025-01-16,56.0,86.10,
5012053790,"ООО ""УК ""РЭУ №1-САДОВЫЙ""",1095012001468,failed,2024-01-11,50.0,68.32.1,100000.0
5260176855,"ООО ""ОТЕЛЬ-СЕРВИС""",1065260104777,failed,2024-12-24,52.0,64.99.3,236800000.0
7812021254,"СПБ ГУДП ""ЦЕНТР""",1037843063708,failed,2024-04-01,78.0,38.1,2918392356.0
2365022631,"ТСЖ ""ЛЕНДОМ""",1142365000348,failed,2025-10-31,23.0,68.32,
6315637997,"КПК ""КРЕДИТ ЕВРАЗИЯ""",1116315005069,failed,2025-09-24,38.0,64.9,
3811437816,"ООО ""РЕГИОНСТРОЙИНВЕСТ""",1163850083583,failed,2023-11-03,38.0,41.20,10000.0
1515916445,"ТСЖ ""НАБЕРЕЖНОЕ""",1081515002172,failed,2026-02-05,15.0,68.32,
6141032373,"АО ""АПРЗ""",1096181000673,failed,2024-12-12,61.0,33.12,189113000.0
0263026256,"ООО СИПК ""КАСТРО М3""",1170280081696,failed,2026-03-11,2.0,41.20,10000.0
6908018878,"ООО ""ЖКХ""",1206900002880,failed,2025-12-08,69.0,36.00,10000.0
5948038702,"МУП ""ЭНЕРГЕТИК""",1105948001169,failed,2025-08-28,59.0,35.30.14,8586870.0
3665102720,"ООО УК ""РАЗВИТИЕ""",1143668044190,failed,2025-06-24,36.0,69.10,21000.0
9104004976,"МУП ЖКХ ""ПЕСЧАНОЕ""",1159102050997,failed,2025-11-12,91.0,36.00.2,2599220.0
9102066279,"МУП ""ЦЕНТРАЛЬНЫЙ ЖИЛСЕРВИС""",1149102181403,failed,2025-01-14,91.0,68.32,100000.0
3711012055,"ТСЖ ""ЧЕРНОРЕЧЬЕ""",1023701512823,failed,2025-10-23,37.0,68.32.1,
4524097188,"МУП ""КРУТОГОРСКОЕ""",1204500002850,failed,2025-02-04,45.0,35.30.2,930000.0
6316191610,"ООО ""ЮСП""",1136316010027,failed,2026-03-11,63.0,69.10,10000.0
4316009825,"ООО ""ИВС""",1184350009337,failed,2025-07-04,43.0,68.32.1,10000.0
1831098533,"ООО ""СИТИ-СЕРВИС""",1041800267761,failed,2024-12-10,18.0,68.32.1,10000.0
5751051375,"МБДОУ ""ДЕТСКИЙ САД №89 КОМБИНИРОВАННОГО ВИДА""",1115742001385,failed,2026-03-17,57.0,85.11,
5751018770,"МБДОУ ""ДЕТСКИЙ САД №15"" Г. ОРЛА",1025700767180,failed,2026-04-09,57.0,85.11,
3662173603,"АО ""УК КОМИНТЕРНОВСКОГО РАЙОНА""",1123668009629,failed,2026-02-18,36.0,69.10,100000.0
3662156541,"ООО УК ""ГОРОДОК""",1103668025636,failed,2026-02-17,36.0,69.10,21000.0
5215010375,БОГОЯВЛЕНСКОЕ МУМППЖКХ,1025201992771,failed,2025-02-26,52.0,35.30.14,
3461000449,"ООО ""ЭКСПЛУАТАЦИОННЫЙ УЧАСТОК-67""",5143443065233,failed,2026-01-22,34.0,68.32,10000.0
3906317813,"ООО ""УК ТСЖ""",1143926006597,failed,2026-02-02,39.0,68.32.1,10000.0
1903000067,"ГБУЗ РХ ""ЧЕРНОГОРСКИЙ МРД""",1021900697510,failed,2024-09-02,19.0,86.10,
0274107845,"ООО ""ЛОРА""",1050204061808,failed,2025-08-08,2.0,47.1,529000.0
3445087192,"ООО ""ОРИОН""",1073460001614,failed,2024-09-26,34.0,70.22,10000.0
3327143041,"ООО ""МАСТЕР'ОК""",1193328004473,failed,2026-01-19,33.0,81.29,10000.0
3663106230,"ООО УК ""СЕРВИСКОМФОРТ""",1143668043221,failed,2025-06-10,36.0,69.10,21000.0
0276080148,"МУП ОК ""СИПАЙЛОВСКИЙ""",1030204234070,failed,2024-10-21,2.0,96.04,48054465.0
2721000240,"ФГАОУ ДПО ""ХАБАРОВСКИЙ ЦППК""",1022700920527,failed,2026-03-02,27.0,85.42.1,
2902078224,"ООО ""СЕВЕР СОФТ СТРОЙ""",1142932000782,failed,2025-12-22,29.0,70.22,10000.0
2224005200,"КГБУЗ ""РОДИЛЬНЫЙ ДОМ №1, Г. БАРНАУЛ""",1022201509692,failed,2024-10-30,22.0,86.10,
1215115638,"ООО ""УК ""СТРОЙХОЛДИНГ""",1061215085722,failed,2026-03-25,12.0,68.32,20000.0
3811442485,"ООО ""ГОРВЕНТСЛУЖБА""",1173850001104,failed,2023-06-27,38.0,43.29,10000.0
3808122527,"ООО ""ИРКУТСКСИБСПЕЦСТРОЙ""",1053808077388,failed,2023-05-22,38.0,77.39.23,426100.0
1513044358,"ТСЖ ""ХОХ""",1131513005865,failed,2025-08-20,15.0,68.32,
0601027751,"МУП ""ЖКХ Г. МАЛГОБЕК""",1170608002124,failed,2024-09-16,6.0,35.30,500000.0
4632130690,КОООИ СФСГ,1114600000195,failed,2025-07-03,46.0,94.99,
4632206966,"ООО ""БИСКОМ""",1154632008068,failed,2026-01-19,46.0,68.32.1,15000.0
5114020049,"МУТП ""НАДЕЖДА""",1025100713824,failed,2025-04-09,51.0,47.2,332789.0
2462044285,"ООО ""ЗОЛЛЕС""",1152468046928,failed,2022-01-10,24.0,07.29.4,10000.0
7734546893,"ООО "" ГОХА.РУ""",1067746816818,failed,2023-06-27,77.0,62.0,10000.0
0277921820,"ООО ""МИКС-КАРТ УФА""",1170280045616,failed,2023-06-28,2.0,63.11,10000.0
3704010297,"ООО ""ЖКХ СЕРВИС""",1183702017828,failed,2022-02-11,37.0,35.30.14,10000.0
3202506317,"МКП ""ВКЖКХ П. БЫТОШЬ""",1113256015730,failed,2026-02-13,32.0,37.00,
4501124653,ТСЖ - 1 ПОАТ - 1,1064500010827,failed,2025-08-01,45.0,68.32.1,
7203461810,"ООО ""УК ""ПРОЦВЕТАНИЕ""",1187232027157,failed,2024-03-13,72.0,68.32,10000.0
7705510243,"ООО ""РНСП""",1037746006176,failed,2024-11-18,77.0,94.12,
5644023863,"МУП ""СПУТНИК""",1225600004156,failed,2026-01-30,56.0,36.00.1,100000.0
5640021784,"МУП ЖКХ ""ЖКС ПЕРЕВОЛОЦКОГО РАЙОНА""",1205600005742,failed,2025-10-14,56.0,36.00,101000.0
2209046018,"ООО ""УК ""ЖКХ""",1152225031287,failed,2023-06-30,22.0,68.32.1,10000.0
2209048255,"ООО ""СПЕКТР""",1172225032870,failed,2022-11-23,22.0,68.32.1,10000.0
2273320155,"МУП ""ТУМАНОВСКОЕ"" С.ТУМАНОВО СОЛОНЕШЕНСКОГО РАЙОНА АЛТАЙСКОГО КРАЯ",1062203021847,failed,2025-09-30,22.0,35.30.2,922000.0
9104007600,"МУП ""УК""БАХЧИСАРАЙ""",1169102058894,failed,2026-02-20,91.0,36.00,100000.0
7604198807,"ООО ""АВАНГАРД СТРОЙ""",1117604002944,failed,2025-08-20,76.0,41.20,10000.0
2901287056,"ООО ""ЁРГА""",1172901008477,failed,2026-03-10,29.0,56.10.1,100000.0
2635209496,ПРЕДСТАВИТЕЛЬСТВО РЕСПУБЛИКИ ДАГЕСТАН В СТАВРОПОЛЬСКОМ КРАЕ,1152651009598,failed,2023-12-29,26.0,84.11.21,
2801247740,"ООО ""ДОМОФОНД""",1192801002085,failed,2024-07-08,28.0,68.32,10000.0
0276111660,"ФОНД ""ОПОРА""",1070200003653,failed,2025-02-19,2.0,94.99,
0264006823,"ГУП ""РЭС"" РБ",1020201880819,failed,2024-12-28,2.0,35.12,2101424.0
1901092961,"МБУК ""ГОКЦ""",1091901004678,failed,2026-03-10,19.0,90.04.3,
0277114696,"ООО ""ЭКОПРОМ""",1110280008365,failed,2025-04-24,2.0,01.49.1,10000.0
1512019408,"ООО ""УПРАВЛЯЮЩАЯ КОМПАНИЯ ""КОММУНАЛЬНЫЕ УСЛУГИ""",1151512010099,failed,2024-12-26,15.0,68.32.1,10000.0
2465245021,"ГПКК ""КРАСНОЯРСКЛЕС""",1102468052532,failed,2025-10-14,24.0,02.10,3250000.0
6455071165,"ООО ""КОНЦЕССИЯ ТЕПЛОСНАБЖЕНИЯ ПОВОЛЖЬЯ""",1186451022988,failed,2026-01-23,64.0,35.30.14,10000.0
2623025600,"ООО ""СТК""",1152651009675,failed,2022-09-07,26.0,43.32,10000.0
3705063904,"ТСЖ ""МЕЧТА""",1093705000597,failed,2025-07-25,37.0,68.32.1,
1513062808,"ООО ""СТОЛИЦА""",1161513057023,failed,2025-06-10,15.0,68.32,10000.0
3413009346,"МУП ""УПРАВЛЯЮЩАЯ КОМПАНИЯ""",1063458027973,failed,2024-11-22,34.0,68.32.1,100000.0
3811116509,"ООО ""ДИСКОТЕКА АЛЕКСЕЯ ЮДИНА""",1073811009238,failed,2024-06-05,38.0,46.69.5,25000.0
2311217144,"ООО ""УК ""КАЛИНИНО""",1162375026076,failed,2026-01-30,23.0,68.32,20000.0
1833015123,"ООО ""АТОЛЛ""",1021801509840,failed,2026-01-13,18.0,68.20.2,10000.0
6918002549,"БЕЛЬСКОЕ МУП ""НОВАТОР""",1076912000395,failed,2025-02-04,69.0,52.21.22,194535.0
6623133881,"ООО ""УРАЛКОМ""",1206600011397,failed,2025-11-28,66.0,68.32,100000.0
5024009146,"МУП ""ЖИЛИЩНЫЙ ТРЕСТ""",1025002865469,failed,2025-04-28,50.0,68.32.1,12966990.0
5040109204,"АО ""РАМЕНСКАЯ УК""",1115040008566,failed,2023-04-19,50.0,68.32.1,2335000.0
1101159381,"ООО ""ЖИЛОБСЛУЖИВАНИЕ""",1171101006955,failed,2025-03-10,11.0,68.32.1,10000.0
5017049412,"МУП ""ИСТРИНСКОЕ ЖЭУ""",1035003055999,failed,2024-09-12,50.0,43.22,100000.0
7604077425,"НП КУЛЬТУРЫ ""АРС-ФОРМАТ""",1057600607613,failed,2026-02-02,76.0,90.01,
3808268565,"ООО ""СИБИРСКИЕ ЭЛЕКТРИЧЕСКИЕ СЕТИ""",1193850013610,failed,2024-08-19,38.0,35.12,10000.0
3811132620,"ООО ""ЮМАС - ГРАНД""",1093850018998,failed,2025-02-14,38.0,43.3,10000.0
3811155032,"ООО ""ИНКОМСИБСТРОЙ""",1113850051259,failed,2022-11-18,38.0,43.12,10000.0
4243004332,"МКОУ ""ТИСУЛЬСКАЯ СОШ""",1024202239049,failed,2026-01-23,42.0,85.14,
1500010048,"ТСН ""МОСКОВСКАЯ 75""",1231500002293,failed,2025-10-30,15.0,68.32,
1513039157,"ТСН ""СПЛОЧЕННЫЙ""",1131513000080,failed,2025-12-11,15.0,68.32.1,
7730201513,"ООО ""ВКУСНОЙ ЖИЗНИ""",1167746385620,failed,2022-10-13,77.0,47.29.11,10000.0
2465092400,"ООО ""БОГУЧАНСКИЙ ЛЗУ""",1052465073231,failed,2026-03-24,24.0,02.20,472955000.0
5219383106,"МУП ""ШЕМАНИХИНСКОЕ ЖКХ""",1115228000513,failed,2025-05-23,52.0,36.00.1,100000.0
6713009286,"МКП КХ "" ГОЛЫНКИ""",1106713000250,failed,2024-11-21,67.0,35.30.14,
6906011637,"МУП ""КОНСТАНТИНОВО""",1126906000044,failed,2025-12-18,69.0,68.32.1,478000.0
2225061905,"ФКУ УПРДОР ""АЛТАЙ""",1042202260980,failed,2026-04-17,22.0,52.21.22,
3917500680,"ООО ""ГУК""",1083925006550,failed,2025-07-02,39.0,68.32,10000.0
3429031241,"МОО ТОС ""НОВОКВАСНИКОВСКИЙ""",1063400027712,failed,2024-01-26,34.0,94.99,
4513008651,"МУП ""ОБУТКИ""",1134512000105,failed,2024-12-02,45.0,36.00,210024.0
7203495224,"ООО ""КИБЕРАРЕНА""",1197232031127,failed,2024-07-08,77.0,93.11,10000.0
1903017085,"МБДОУ ""МИШУТКА""",1061903012687,failed,2025-01-21,19.0,85.11,
2623803874,"ООО ""РУСКАВКАЗИНВЕСТ""",1142651016760,failed,2023-10-20,26.0,70.22,10000.0
7701602221,"ООО ""СТРОЙМАГИСТРАЛЬ""",1057747248195,failed,2026-02-02,77.0,68.20.2,150000000.0
2209045889,"ООО ""ВОСХОД""",1152225026447,failed,2024-01-11,22.0,68.32.1,10000.0
2364013458,"МУП ""ЖКХ МАРЬИНСКОЕ""",1162364050023,failed,2024-07-24,23.0,36.00,100000.0
2320228368,"ООО ""УК ЖИЛОЙ КВАРТАЛ""",1152366002690,failed,2024-09-06,23.0,68.32.1,15000.0
0225000240,"СПК ""ИЛЕШ""",1020201755166,failed,2026-02-10,2.0,01.11.1,700000.0
0259007187,"ООО ""КОМБЫТСЕРВИС""",1030202233313,failed,2025-10-17,2.0,68.32.1,10000.0
0264022007,"АО ""АМЗИНСКИЙ ЛЕСОКОМБИНАТ""",1030203262319,failed,2025-03-31,2.0,20.14.7,112972911.0
2902044955,"ООО ""ФИНАНСГРУП""",1032901000637,failed,2025-07-02,78.0,41.2,10000.0
3811104126,"ООО ""БИЗНЕСЛЕС""",1063811057089,failed,2022-01-21,38.0,02.20,10000.0
5604030889,"ЗАО ""ГАЙМЯСОПРОДУКТ""",1095658027134,failed,2025-11-10,56.0,68.20.2,239671656.0
2801221559,"ООО УК ""ИНДУСТРИЯ""",1162801057385,failed,2024-07-08,28.0,68.32,10000.0
5752015250,"МБДОУ ""ДЕТСКИЙ САД №10""",1025700788673,failed,2025-02-28,57.0,85.11,
4202041536,"МКУ ""СЗ ЖКХ""",1114202002738,failed,2026-03-06,42.0,68.32.1,
0708001530,МУП КЭЧ П.Г.Т.ЗВЕЗДНЫЙ,1020700688051,failed,2025-08-13,7.0,35.30.14,
1832134463,"ООО УК ""УРАЛ""",1151832019789,failed,2022-10-12,18.0,68.32,20000.0
0256018800,"ООО ""ЖИЛИЩЕ""",1070256000990,failed,2025-05-16,2.0,68.32.1,10000.0
3666167801,"ООО ""РЭК КОМФОРТ"" КОМИНТЕРНОВСКОГО Р-НА Г. ВОРОНЕЖА",1103668032995,failed,2025-09-29,36.0,69.10,21000.0
3661065179,"ООО УК ""СФЕРА-ЖКХ""",1143668041813,failed,2025-06-10,36.0,69.10,21000.0
7726741107,"ООО ""БРИЛАР""",1147746145250,failed,2026-04-01,77.0,64.99.11,10000000.0
5834127003,"ООО УК ""ДОБРОДЕЛ""",1215800001207,failed,2025-11-21,58.0,68.32.1,30000.0
3443901610,"САДОВОДЧЕСКОЕ НЕКОММЕРЧЕСКОЕ ТОВАРИЩЕСТВО ""ЗОЛОТАЯ ОСЕНЬ""",1023402983152,failed,2024-09-20,34.0,68.32.2,
7701584734,"ООО ""БИЗНЕСТРЕЙД""",1057746309015,failed,2025-12-15,77.0,68.32,10000.0
2723185558,"ООО ""ПРОСТОР""",1162724056714,failed,2026-01-19,27.0,68.32,60000.0
0277959541,"ООО ""УК ЦЕНТР-МКД""",1220200025650,failed,2026-03-19,2.0,68.32,40000.0
5753021778,МБДОУ ДЕТСКИЙ САД №52 Г.ОРЛА,1025700827107,failed,2025-07-21,57.0,85.11,
0276063689,"ТСЖ ""ГАЗОВИК""",1020202875318,failed,2025-12-23,2.0,68.32.1,
1832016445,"БУЗ УР ""ГКБ №4 МЗ УР""",1021801442640,failed,2025-01-31,18.0,86.10,
5007070790,"ООО ""УПРАВЛЯЮЩАЯ КОМПАНИЯ ЖКХ""",1095007001682,failed,2025-02-03,50.0,68.32.1,10000.0
0278007048,"ФКУ УПРДОР ""ПРИУРАЛЬЕ""",1020203220212,failed,2026-04-15,2.0,52.21.22,
2130215882,"ГУП ЧУВАШСКОЙ РЕСПУБЛИКИ ""ЧГЭС"" МИНПРОМЭНЕРГО ЧУВАШИИ",1192130012800,failed,2025-03-04,21.0,35.12,30970707.0
5031035549,ФКУ УПРДОР МОСКВА - НИЖНИЙ НОВГОРОД,1025003915441,failed,2026-04-15,52.0,84.11.8,
3805734070,"СНТ ""РОМАШКА""",1193850014764,failed,2026-03-25,38.0,01.13.31,
2720058015,"КГАУ ""ХАБАРОВСКОЕ ЛЕСНОЕ ХОЗЯЙСТВО""",1172724028762,failed,2025-05-23,27.0,02.40.1,
3808207322,"ООО ""АЛИТ""",1093850005754,failed,2023-06-27,38.0,23.61,40000.0
3808191070,"ООО ЮК ""ОСНОВА""",1153850032346,failed,2025-12-12,38.0,69.10,10000.0
3812149761,"ООО ""ВУДЭКСПОРТ""",1133850029026,failed,2022-04-07,38.0,46.90,10000.0
5017000590,"ФГУП ОПХ ""МАНИХИНО""",1025001825056,failed,2026-02-18,50.0,01.49.2,500000.0
1514017910,"ТСН ""КРАСНЫЙ ДОМ""",1211500000470,failed,2025-10-30,15.0,68.32,
0703007659,"ООО ""МАЙСКИЙ ВОДОКАНАЛ""",1120716000547,failed,2024-05-16,7.0,36.00,90000.0
6927000097,"МУП ""КОМПАУНД""",1026901664129,failed,2025-09-11,69.0,69,100000.0
3311017612,"ДПК ""ИВАНОВСКОЕ""",1083339001272,failed,2026-02-20,33.0,68.32.2,
3719009720,"МУП ""СЕРВИС-ЦЕНТР Г.ПРИВОЛЖСКА""",1083705000125,failed,2025-04-09,37.0,96.04,100000.0
3234051285,"ГУП ""БРЯНСКОЕ ОБЛАСТНОЕ ПОЛИГРАФИЧЕСКОЕ ОБЪЕДИНЕНИЕ""",1033265026761,failed,2024-11-22,32.0,18.12,61000899.0
2127019648,"ЗАО ""ЮЖНЫЙ""",1052128016324,failed,2025-05-23,21.0,68.32.1,498500.0
6315631924,"ООО ""МЕРИДИАН""",1106315002727,failed,2026-03-31,63.0,68.32.1,10000.0
4101129022,"ТСЖ ""ЦЕНТРАЛЬНЫЙ""",1094101000916,failed,2026-01-19,41.0,68.32.1,
3329070945,"ГК ""ПОГОДИНА""",1123340001620,failed,2025-07-18,33.0,52.21.24,5000.0
7736653932,"ООО ""ЭВРИ БИТ""",1137746005660,failed,2025-05-06,77.0,62.02,20000.0
7726745422,"ООО ""МИР БУМАГИ""",1147746396456,failed,2025-01-09,77.0,46.49,20000.0
9721108286,"ООО ""ДАРИКО""",1207700401446,failed,2025-11-24,26.0,46.73,10000.0
5007057069,"ООО ""АРИСТОС""",1065007015150,failed,2024-11-11,50.0,35.12,10000.0
5190057629,"ООО ""БАТОЛИТ""",1165190052422,failed,2025-12-12,51.0,68.32.1,10000.0
2710007734,МБУ ДО ЦВР,1022700732229,failed,2025-03-21,27.0,85.41,
7727213237,"ЗАО ""СК СТРОЙИНВЕСТЦЕНТР""",1027700236123,failed,2025-11-13,77.0,41.20,10000.0
7703406744,"ООО ""ГЕМОСТАТ""",1167746191007,failed,2023-05-19,77.0,86.21,10000.0
7715482997,"ООО ""ФЛОКСИМ""",1157746420810,failed,2025-05-13,77.0,62.09,10000.0
7714353692,"ООО ""МПЦ ""ВЕКТОР""",1157746805611,failed,2023-07-11,77.0,69.10,10000.0
7904505262,МКОУ НШДС С. НОВОЕ,1117907001112,failed,2024-09-30,79.0,85.12,
1513066802,"ООО ""АВАНГАРД СТРОЙ""",1171513004398,failed,2026-03-17,15.0,43.11,10000.0
6104001095,"ГБУ РО ""ЦРБ"" В БОКОВСКОМ РАЙОНЕ",1026100746198,failed,2025-06-18,61.0,86.10,
5507020290,"МП Г. ОМСКА ""ПП-8""",1035513001193,failed,2024-12-26,55.0,49.31,3173734.0
0256014235,"ООО ЛЗК ""БАШЛЕСПРОМ""",1030202051703,failed,2023-06-08,2.0,02.20,18133800.0
5027013221,"ГБУЗ МОСКОВСКОЙ ОБЛАСТИ ""ДЗЕРЖИНСКАЯ БОЛЬНИЦА""",1025007270750,failed,2025-09-09,50.0,86.10,
5045069918,"МУП ""ТЕПЛОСЕТЬ""",1235000066707,failed,2026-03-02,50.0,35.30.2,35100000.0
5043051224,"ООО УК ""ФРЕГАТ""",1145043001070,failed,2024-09-19,50.0,68.32.1,10000.0
3123430337,"ООО ""ЭРА-ДОРСТРОЙ""",1183123000873,failed,2025-02-07,31.0,41.20,10000.0
6685077210,"ООО ""СК ВЕРТИКАЛЬ""",1146685037201,failed,2026-03-25,66.0,41.20,10000.0
2925004243,МУП МГЭС,1022901466279,failed,2024-07-18,29.0,35.12,210694098.0
7450042660,"ООО ""РЕЧЕЛСТРОЙ""",1067450022551,failed,2026-01-27,74.0,41.2,100000000.0
7728743396,"ООО ""М-ТЕХ""",1107746599003,failed,2022-10-13,77.0,49.4,11000.0
4101162380,"ООО УК ""КОМФОРТ""",1144101000966,failed,2022-05-24,41.0,68.32.1,10000.0
7719467069,"ООО ""БОТЕЙН""",1177746232091,failed,2024-11-22,77.0,86.23,12500.0
5837022305,"МУП""ЖИЛЬЕ-16"" ПО ОЖФ",1045803504735,failed,2024-12-23,58.0,68.32.1,338585.0
7703565529,"АО ""МПСИ""",1057748536240,failed,2025-01-15,77.0,68.20.2,24093300.0
1511018401,"ООО ""КОММУНАЛЬНИК""",1101511000095,failed,2025-07-16,15.0,36.00,21500.0
3017065442,"ОАО ""АСТРАПРЕСС""",1103017002868,failed,2025-06-09,30.0,47.62.1,3726000.0
3442043937,"ООО ""ГЕЛИДОР""",1033400170077,failed,2025-02-04,34.0,11.05,
3409012836,"МУП ""КГВ""",1083455001740,failed,2025-04-16,34.0,36.00.1,372120.0
7701895507,"АО ПМКР ""БАСМАННОЕ""",1107746900470,failed,2025-03-18,77.0,68.20.2,20786300.0
7733903655,"ООО ""ПСК ""ОЛИМП""",5147746408046,failed,2026-03-04,77.0,41.20,10000.0
3305004164,"МП \""ГОРЭЛЕКТРОСЕТЬ\""",1033302200810,failed,2025-01-13,33.0,68.20.2,13554406.0
1840067877,"ООО ""АСК""",1161832082862,failed,2025-03-20,18.0,41.20,10000.0
5751018297,"МБ ДОУ ""ДЕТСКИЙ САД КОМБИНИРОВАННОГО ВИДА №27""",1025700768741,failed,2025-08-04,57.0,85.11,
7733138203,"ТСЖ ВСК ""ФАБРИЦИУСА-22""",1027733003836,failed,2026-03-17,77.0,52.21.24,
7731460775,"ООО ""СЛАВЯНКА""",5137746144509,failed,2025-07-30,77.0,55.10,12500.0
3422006694,"МУП ""ОЛЬХОВСКИЙ РЫНОК""",1023404961183,failed,2024-08-29,34.0,68.20.2,993399.0
0274146509,"ООО УК ""БИС""",1100280009477,failed,2025-07-31,2.0,68.32.1,15100.0
7734659505,"ООО УК ""УЮТНЫЙ КВАРТАЛ""",1117746528063,failed,2025-03-19,77.0,68.32.1,10000.0
7730036274,"ГУП АВТОКОМБИНАТ ""МОСАВТОСАНТРАНС""",1037739242067,failed,2025-12-30,77.0,86.90.9,196880259.0
5501016762,"МП Г. ОМСКА ""ТЕПЛОВАЯ КОМПАНИЯ""",1025500609200,failed,2023-10-01,55.0,35.30.14,1390000.0
2717017442,"СКГАУ ""АМГУНЬСКОЕ ЛЕСНОЕ ХОЗЯЙСТВО""",1102717000121,failed,2025-05-23,27.0,02.40.1,
3849027390,"ООО ""ИК СЕРВИС""",1133850004815,failed,2023-11-03,38.0,68.32.2,12500.0
3811450214,"ООО ""ТИРА""",1173850038340,failed,2025-01-31,38.0,02.40.2,10000.0
3812118121,"ООО ""СТАРБАЙТ""",1163850052717,failed,2022-01-10,38.0,41.20,20000.0
3849034238,"ООО ""НОВЫЙ КВАРТАЛ""",1143850006410,failed,2022-10-21,38.0,41.20,10000.0
3812148253,"ООО ""ИННОТЕХ""",1133850019160,failed,2022-02-18,38.0,46.73,10000.0
3811434798,"ООО ""РЕБУС+""",1163850069085,failed,2023-11-03,38.0,45.3,10000.0
7703508658,"ЗАО ""ХРОНОПЭЙ""",1037789068052,failed,2023-06-29,77.0,62.09,10000.0
7715133146,"ООО ""УК ""РОТОМОЛД""",1147748133059,failed,2022-04-07,77.0,22.29,20000.0
1657242488,"ООО ""ГИСС""",1171690121019,failed,2022-01-10,16.0,41.20,10000.0
1514016096,"МУП ""УПРАВЛЯЮЩАЯ КОМПАНИЯ""",1181513005618,failed,2024-09-06,15.0,68.32.1,1946181.0
1515915554,"ТСЖ ""АЭРОФЛОТ""",1081515001336,failed,2025-07-23,15.0,68.32.1,
0721059219,"ТСЖ ""УНИВЕРСИТЕТ 1""",1080721003912,failed,2024-08-29,7.0,68.32,
7705749923,"ООО ""СИПИ КАПИТАЛ ГРУП ОФ КОМПАНИС""",5067746350590,failed,2025-04-01,77.0,68.10.1,10000.0
7703677134,"ООО ""КУРТАЖЪ""",5087746245758,failed,2023-08-15,37.0,68.31,10000.0
7705874089,"ООО ""ВИВА-СТРОЙ""",5137746110882,failed,2025-09-11,77.0,41.20,12000.0
9710015128,"ООО ""БГ ТУР МСК""",1167746704223,failed,2022-09-22,77.0,79.11,100000.0
7704356768,"ООО ""ОТКРЫТЫЕ ОБРАЗОВАТЕЛЬНЫЕ ТЕХНОЛОГИИ""",1167746460364,failed,2025-02-27,77.0,62.01,10000.0
6154064083,"ДНТ ""ЛАГУНА""",1026102590546,failed,2025-10-01,61.0,68.32.2,
1832152960,"ООО ""АВАНТА""",1191832010787,failed,2022-05-31,18.0,11.07,10000.0
4630011721,"САДОВОДЧЕСКОЕ ТОВАРИЩЕСТВО ""ЭНЕРГЕТИК""",1034637000452,failed,2025-08-11,46.0,01.1,
4632234949,"ООО ГК ""МОЛОЧНАЯ АРТЕЛЬ""",1174632017119,failed,2025-12-15,46.0,10.51,10000.0
7810852302,"ООО ""НЕЙРОН""",1117847599011,failed,2022-06-24,78.0,49.41,31250.0
2702030634,"ПАО ""СК""ХОСКА""",1022700920406,failed,2022-06-23,27.0,65.12.1,197820000.0
6318044931,"АО ""МЕГАПОЛИС""",1196313026172,failed,2024-07-16,63.0,70.10,10000.0
2635812802,"ООО ""СТРАЙКОМ""",1122651017697,failed,2023-10-20,26.0,62.01,10000.0
7720442189,"ООО ""ГЕШВИНДИГКЕЙТ АГ""",1187746780605,failed,2022-11-17,77.0,46.69,1800000000.0
7107512597,"ООО ""РАЗВИТИЕ СЕРВИС""",1087154040445,failed,2025-12-17,71.0,68.32,14000.0
2443053830,"ООО ""ТВР""",1232400018950,failed,2026-04-10,24.0,35.30.2,10000.0
3008011120,"МУП ""ВОДОКАНАЛ"" МО ""ГОРОД НАРИМАНОВ""",1063024019761,failed,2025-08-04,30.0,36.00.2,125347458.0
2901210913,"АРБОФ ""ТЕПЛОЕ ДЕТСТВО""",1112900000102,failed,2025-05-14,29.0,94.99,
7704399592,"ООО ""ЭКСИТ""",1177746281140,failed,2025-05-26,77.0,41.20,20000.0
7731470692,"ООО ""ЦМСС""",1147746478791,failed,2023-11-14,77.0,86.10,10000.0
7729473858,"ООО ""М-ЦЕНТР ФИНАНС""",1157746828953,failed,2022-11-23,77.0,70.22,10000.0
2632813558,"ТСН ""НИКА-74""",1142651025681,failed,2026-04-03,26.0,68.32.1,
5823901419,"ООО ""ОРБИТА""",1135809001129,failed,2025-06-27,58.0,47.23,260000.0
7724048673,"ООО ""АСДЕЛ""",1027700012020,failed,2025-09-11,77.0,69.10,10000.0
9102064338,"МУП ""ЖЕЛЕЗНОДОРОЖНЫЙ ЖИЛСЕРВИС""",1149102171350,failed,2025-02-19,91.0,68.32,30000000.0
3301032805,"МУП ""АТС""",1143339001255,failed,2024-10-14,33.0,35.30,50100000.0
1513054405,"ГУП ""ВЛАДСТОК""",1151513002211,failed,2024-06-21,15.0,37.00,42000000.0
6812000252,"АО ""ПЕРВОМАЙСКХИММАШ""",1026800728910,failed,2024-04-25,68.0,25.29,90064200.0
1103045510,"МУП ""СТС""",1071103003366,failed,2025-04-24,11.0,35.30.2,60661508.0
2634102542,"ООО ""СТРОЙОТРЯД""",1182651007461,failed,2024-04-18,26.0,43.11,10000.0
1513083741,"ГУП ""ВЛАДИКАВКАЗСКИЕ ТЕПЛОВЫЕ СЕТИ""",1211500001591,failed,2024-03-04,15.0,35.30.14,500000.0
7724428499,"ООО ""ПАРАМЕТР""",1187746052560,failed,2023-08-25,77.0,25.61,100000.0
0277015293,"ПАО ""АК ВНЗМ""",1020203077377,failed,2023-08-11,2.0,68.20.29,1772259.0
2634808433,"ООО ""ЕВРОПЕЙСКАЯ ТРАНСПОРТНАЯ КОМПАНИЯ""",1132651004430,failed,2025-12-20,26.0,52.29,10000.0
3301033936,"ООО ""ТРИАЛ""",1153339000979,failed,2025-10-22,33.0,63.11,25000.0
6372019027,"ООО ""ПДК""",1116372000645,failed,2024-05-27,63.0,71.20.9,10000.0
0274144861,"АО ""БАШКИРАВТОДОР""",1100280001216,failed,2024-05-06,2.0,52.21.22,4406326860.0
7807337510,"ООО ""ТЕПЛОСФЕРА""",1089847312477,failed,2025-08-26,78.0,41.20,10000.0
7536169210,"АО ""ЗАБТЭК""",1177536007395,failed,2025-03-12,75.0,35.30,42561418.0
0260007311,"ООО ""ДЮРТЮЛИМЕЛИОВОДСТРОЙ""",1020201758180,failed,2024-07-25,2.0,38.1,10000.0
1103046560,"ООО ""СЕВЕРНЫЙ ГОРОД""",1211100004279,failed,2025-03-10,11.0,68.32.1,10000.0
7743228223,ЦЕНТРАЛЬНОЕ МУГАДН,5177746032789,failed,2023-08-28,77.0,84.11.12,
5916022234,"АО ""ПЕРМСКИЙ СВИНОКОМПЛЕКС""",1095916000290,failed,2024-12-25,59.0,01.46,605656900.0
5027169892,"ООО ""ТРАНССТРОЙ ОЗЕЛЕНЕНИЕ""",1115027000220,failed,2025-10-10,50.0,,
7819044268,"ООО ""ВЕРТИКАЛЬНЫЙ ВЫЗОВ""",1217800075877,failed,2024-01-31,78.0,,
0560038825,"ООО ""КОМПАНИЯ ДЕЛЬФИН-ЛИДЕР""",1090560000552,failed,2025-08-14,5.0,,
5410773081,"ООО ""СИБ ДИСПЛЕЙ""",1125476160150,failed,2025-06-06,54.0,,
7731103741,"ООО ""КАРТРАНС""",1157746052089,failed,2025-03-25,77.0,,
4703123733,"ООО ""ГПС-ОСНОВА""",1114703004877,failed,2023-09-25,47.0,,
7734561570,"ООО ""РЕМОЛА""",5077746427512,failed,2026-02-02,77.0,,
9718135184,"АО ""РУСПРОЕКТНИИ""",1197746261987,failed,2024-06-03,77.0,,
7811616890,"ООО ""ПК""СТРОЙПРОДУКТ""",1167847307540,failed,2025-06-28,78.0,,
7743130122,"ООО ""ТАЛОС КОНСТРАКШН""",5157746108890,failed,2025-07-03,54.0,,
7726459397,"ООО ""ИМПЕРА""",1197746646327,failed,2025-12-23,77.0,,
7706454070,"ООО ""ЯРЧУК И ПАРТНЕРЫ""",1187746596817,failed,2023-11-30,77.0,,
7017317753,"ООО ""НК КОНТРОЛЬ""",1127017028610,failed,2026-02-11,70.0,,
3817020401,"ООО ""ДИРЕКТ-2000""",1033802003311,failed,2025-03-27,38.0,,
3801128760,"ООО ""ПРОМАВТОМАТИКА""",1143801000782,failed,2023-10-17,38.0,,
2209040947,"ООО ""РЕМСТРОЙБЫТ""",1122209000671,failed,2024-10-14,22.0,,
6330083983,"ООО ""АФА-ВОЛГА""",1186313090512,failed,2026-04-21,63.0,,
6518006725,"ООО ""ДЕЛИСА ПЛЮС""",1026501202738,failed,2024-02-28,65.0,,
8911009161,"ООО ""АТП АРКТИКА""",1168901051330,failed,2024-11-22,89.0,,
2372027768,"ООО ""АВТО СТОРИС""",1202300037433,failed,2026-01-06,23.0,,
7839104684,"ООО ""КАНДЕЛЛЯБРА""",1187847198626,failed,2024-12-03,78.0,,
6402006081,"ООО ""ДОРСТРОЙ""",1126440001060,failed,2024-06-08,64.0,,
3526019850,"ООО ""ПРИМАРК""",1053500650697,failed,2025-06-17,35.0,,
7839500141,"ООО ""ПРОФИТ ИНВЕСТ""",1147847270361,failed,2024-02-27,78.0,,
2700015091,"ООО ""СК ""АВАНГАРД""",1232700011895,failed,2026-02-04,27.0,,
7733250597,"ООО ""РАДОВЕСТА""",1157746866980,failed,2025-12-04,77.0,,
0323413485,"ООО ""КРАСОТА ПОД НОГАМИ""",1200300004915,failed,2024-05-15,3.0,,
7814751104,"ООО ""НПК""",1197847004893,failed,2025-05-07,78.0,,
5035041575,"ООО ""НЕРУД-ЗТ""",1125035001134,failed,2025-12-19,50.0,,
5803017995,"ООО ""ТРАНССТРОЙМАГИСТРАЛЬ""",1075803001207,failed,2024-12-05,58.0,,
2905013240,"ООО""ОПТОВИК""",1162901057439,failed,2025-11-28,29.0,,
7721281992,"ООО ""АВТО ЛИДЕР""",1157746043916,failed,2025-10-02,77.0,,
9102274790,"ООО ""ЮСП""",1219100010480,failed,2025-07-02,91.0,,
3507308285,"ООО ""ДЛК - СЕРВИС""",1123529000341,failed,2022-04-29,35.0,,
4401181760,"ООО ""ГЛАВПОДРЯД""",1174401005393,failed,2025-07-25,78.0,,
6165201165,"КПК ""ДОБРОБУД""",1166196079818,failed,2026-04-09,61.0,,
3663097602,"ООО ""ИДЕАЛ-КЕЙТЕРИНГ""",1133668021013,failed,2025-11-16,36.0,,
7719438886,"ООО ""АОМИ ГРУПП""",1167746181668,failed,2025-10-03,77.0,,
7321005620,"ООО ""СИМБИРСК СТРОЙ""",1187325012720,failed,2023-06-15,73.0,,
7717610891,"ООО ""ПРОМТЕХПРОЕКТ""",1087746169730,failed,2026-01-17,77.0,,
9724011885,"ООО ""АЛЬБИОН""",1207700163736,failed,2024-02-15,77.0,,
7802117052,"ГК ""СТРИМЕР""",1027801576021,failed,2025-01-21,78.0,,
7840081294,"ООО ""ФРЕЙМ ГРУПП""",1187847141756,failed,2024-06-28,78.0,,
5501265906,"ООО ""СОЗВЕЗДИЕ""",1205500020660,failed,2025-08-07,55.0,,
7604259023,"ООО ""БЛИССЛАЙН""",1147604004591,failed,2025-02-13,76.0,,
9729346892,"ООО ""СТАДИОН""",1237700358720,failed,2025-12-09,77.0,,
5406764013,"ООО ""ФИАНИТ""",1135476164416,failed,2023-06-09,54.0,,
6686125227,"ООО ""ШАМКИРСКИЙ ФРУКТ 57""",1206600025280,failed,2026-02-20,66.0,,
7816700257,"ООО ""ДО СЕВЕРО-ЗАПАД""",1197847199626,failed,2025-08-05,78.0,,
2543124764,"ООО ""ТГСК""",1182536013461,failed,2024-02-06,25.0,,
7447084733,"ООО ""УРАЛЬСКАЯ КАБЕЛЬНАЯ КОМПАНИЯ""",1057421563528,failed,2026-01-30,74.0,,
4217131983,"ООО ""СИБСТРОЙТРАК""",1114217001326,failed,2026-02-01,42.0,,
7722373188,"ООО ""СК КАПИТАЛЪ""",1167746782697,failed,2025-12-16,77.0,,
1655250300,"ООО ""МПИ""",1121690059039,failed,2025-04-17,77.0,,
1001337954,"ООО ""ВИА""",1181001010145,failed,2026-04-09,10.0,,
4029047016,"ООО ""КАЛУГАПРОФИЛЬ""",1124029004109,failed,2023-03-30,40.0,,
2311306764,"ООО ""ТЕХСТРОЙТРАНС""",1202300035167,failed,2025-12-27,23.0,,
4205318909,"ООО ""РУСТЭК""",1154205017801,failed,2025-04-30,42.0,,
2624036097,"ООО ""АПЕКСПОЛИМЕР""",1212600005232,failed,2026-03-13,26.0,,
2543158989,"ООО ""БГМЗ""",1212500017300,failed,2025-12-17,25.0,,
2703046500,"ООО ""ТНС""",1082703002744,failed,2025-02-05,27.0,,
7743257915,"ООО ""ИННОЛЕК""",1187746507398,failed,2025-12-16,77.0,,
3907043900,"ООО ""АРДИК""",1053902862573,failed,2025-12-20,39.0,,
7842438824,"ООО ""ИНПРОЕКТ""",1107847322780,failed,2025-10-16,78.0,,
9731010160,"ООО ""АРВЕКС""",1187746798832,failed,2023-05-27,77.0,,
9729103931,"ООО ""МКЮ ""СОЮЗ""",1177746671761,failed,2025-07-15,77.0,,
8621004771,"ООО ""ЭНЕРГОТРАНС""",1148607000629,failed,2023-02-25,86.0,49.4,10000.0
5032250556,"ООО ""ЭНЕРГОПРОМСТРОЙ""",1125032003304,failed,2024-11-28,77.0,41.2,3000000.0
7718060753,"ОАО ""ТОРУС""",1027700033910,failed,2026-04-01,77.0,33.12,385870.0
4703173607,"ООО ""КАПИТАЛСТРОЙ""",1204700003980,failed,2024-02-23,47.0,41.20,10000.0
7838118187,"ООО ""ДЕРЕВНЯ ПАТИ""",1237800133086,failed,2026-04-10,78.0,68.20,120000.0
6340007519,"ООО ""БПО-ОТРАДНЫЙ""",1026303207820,failed,2024-07-12,63.0,28.99,
7842304059,"ООО ""СК ""АСТОН""",1047855094583,failed,2023-03-13,78.0,41.20,10000.0
6827020124,"ООО""УПРАВТОРГ""",1106827000158,failed,2026-01-19,68.0,69,10000.0
7327024570,"ООО ""АО""ЦИКЛОН""",1027301481690,failed,2024-12-12,73.0,80.10,250000.0
7704006241,"ООО ""БУКИНИСТЪ""",1027700321637,failed,2026-04-10,77.0,47.79.2,15000.0
7701100800,"ООО ""ЛСК ФЭШН""",1157746340707,failed,2026-04-09,77.0,46.42,11000.0
9701010892,"ООО ""АТЛАНТ-С""",1157746864945,failed,2022-05-15,50.0,43.11,10000.0
7721601723,"ООО ""ДЕЙТРОН-Д""",1077761930058,failed,2025-07-06,77.0,86.22,10000.0
5945001334,"ООО ""ШЛЯПНИКИ""",1025902465710,failed,2022-05-22,59.0,01.41,198464038.0
6732101424,"ООО ""ПРОДМИКС""",1156733001765,failed,2024-12-28,67.0,46.90,10000.0
7743330298,"ООО ""АП СТРОЙ""",1207700042417,failed,2025-06-30,77.0,43.22,650000.0
7810644285,"ООО ""КВОРУМ""",1177847015950,failed,2025-10-17,78.0,71.12,15000.0
9102249547,"ООО ""АЛЬЯНС""",1189112038180,failed,2024-10-02,91.0,43.99,20000.0
7325137297,"ООО ""КОМФОРТИНВЕСТ""",1157325003780,failed,2023-04-16,73.0,68.10.1,20000.0
7703561330,"ООО ""АВИДЕВЕЛОПМЕНТ-М""",1057747982621,failed,2026-02-19,77.0,14.14,10000.0
7325137089,"ООО ""ЭНЕРГОМОНТАЖ""",1157325003571,failed,2023-03-16,73.0,41.20,10000.0
0705007580,"МУП ""ХАМИДИЕ""",1080719000834,failed,2025-07-10,7.0,36.00,280947.0
0705007005,"МУП ""ЖКХ С.НОВО-ХАМИДИЕ""",1070705000013,failed,2026-01-22,7.0,36.00,241000.0
6133013627,"ООО ""АРКУДА""",1196196010911,failed,2026-02-02,61.0,10.13,10000.0
6027125752,"СНТ ""КРЫПЕЦКОЕ""",1106027000045,failed,2026-03-04,60.0,01.50,
2364007479,"ООО ""ПЕРСПЕКТИВА""",1122364002144,failed,2024-08-16,23.0,38.1,10000.0
1658148135,"ПО ""СЕРВИС ГИД""",1131690044320,failed,2026-02-20,77.0,94.99,5000.0
9722027424,"ООО ""ЕВРОНЕФТЬ""",1227700500323,failed,2026-02-02,77.0,46.71.2,10000.0
3906133929,"ООО ""БАЛТМОНТАЖСЕРВИС""",1053902812457,failed,2024-03-10,39.0,43.22,12750.0
5047034389,"ООО ""ЦЕНТР БЫТОВОЙ ТЕХНИКИ""",1035009550355,failed,2026-03-20,50.0,46.43.1,10000.0
2308208164,"ООО ""КРИСТАЛЛ""",1142308003551,failed,2022-10-20,23.0,43.11,34668.0
1514014290,"КФХ ""БОСФОР""",1161513052800,failed,2023-01-30,15.0,01.11,10000.0
6449072121,"ООО ""ТРАНСТРОЙ""",1146449000026,failed,2025-02-06,77.0,41.20.9,12000.0
1624016814,"ООО ""ЛИДЕРВЕНТ""",1181690069582,failed,2022-03-27,16.0,43.22,15000.0
9722027618,"ООО ""ГК ЭКОВЕК""",1227700508265,failed,2025-11-30,77.0,01.13,10000.0
2310142376,"ООО ""ЮГ БИЗНЕС ЦЕНТР""",1092310005248,failed,2024-10-23,23.0,46.42.11,10000.0
5406420380,"ООО ""СРС""",1075406050500,failed,2023-12-29,54.0,41.2,10000.0
9103088885,"МУП ""ЯЛТАГОРТРАНС""; МУП ""ЯЛТИНСКАЯ ГОРОДСКАЯ ОБЪЕДИНЕННАЯ ТРАНСПОРТНАЯ КОМПАНИЯ""",1189112034539,failed,2022-10-11,91.0,49.31,6900000.0
1655439552,"ООО ""СПЕЦ СТРОЙ МОНТАЖ""",1201600044634,failed,2023-07-21,16.0,43.21,10000.0
7810796979,"ООО ""МЕТРОТРАНССТРОЙ""",1207800078056,failed,2025-11-30,78.0,41.20,10000.0
0278052467,"ООО ""УПНУ"" БЭМ",1030204611128,failed,2024-04-25,2.0,43.21,15244.0
7714816950,"ООО ""ИК ""СУ-77""",1107746719596,failed,2026-03-23,20.0,41.20,500082500.0
7825397991,"ООО ""ИРКОМ-НЕВА""",1037843010655,failed,2026-02-04,78.0,46.34,10009000.0
9311011805,"ГУП ДНР ""МАКЕЕВУГОЛЬ""",1229300065246,failed,2025-10-16,93.0,49.20.9,911360056.0
5036172718,"ООО ""АВТО ИМПУЛЬС""",1185074009746,failed,2026-02-15,50.0,45.11,10000.0
7536124000,"ООО ЧОП ""РУБИКОН ПЛЮС""",1127536000041,failed,2023-05-21,75.0,80.10,250000.0
5038102762,"ООО ""НОВАМЕТАЛЛ ТРЕЙД""",1135038009875,failed,2026-03-28,50.0,46.13,10000.0
7708396360,"ООО ""ФРЕШ-ГРУПП""",1217700269709,failed,2025-12-30,77.0,81.10,15000.0
7701728400,"ООО ""КОН-РАД""",5077746936405,failed,2024-09-15,77.0,41.2,10000.0
7714479511,"ООО ""ЭФИКХАУС""",1217700612073,failed,2026-03-28,77.0,43.99,150000.0
7714460493,"ООО ""СТИ""",1207700176837,failed,2024-08-25,77.0,41.20,102790000.0
7729690059,"ООО ""АГЕНТСТВО ""СЕВЕРО-ЗАПАД""",1117746686441,failed,2025-09-04,77.0,68.31,10000.0
7704670685,"АО ""ЗУБОВСКАЯ, Д.7""",1077763573062,failed,2025-12-25,77.0,68.2,983038292.0
7733897659,"ООО ""О.М.А. ИНТЕРНЭШНЛ""",5147746203182,failed,2023-01-29,77.0,71.1,5000000.0
6317112868,"ООО ""ВЭЛТ""",1166313090690,failed,2025-06-15,63.0,16.29.1,15000.0
5916034198,"ООО ""СТРОЙКОНТРОЛЬ""",1185958015649,failed,2025-10-03,59.0,43.29,15000.0
5917590857,"ООО ""УРАЛ-ДИЗАЙН-ПНП""",1045901598423,failed,2022-08-08,59.0,68.20.21,100000.0
9722045430,"ООО ""АЛЮР-АВТО""",1237700314378,failed,2026-04-23,77.0,66.21,100000.0
6027110298,"ООО ""ПСКОВДОРСПЕЦСТРОЙ""",1086027000267,failed,2023-02-27,60.0,42.11,10000.0
7203286140,"ООО ""ТТСК""",1127232068336,failed,2023-08-10,72.0,49.42,15000.0
7725294576,"ООО ""МОДНЫЕ ЗАБАВЫ""",5157746010450,failed,2025-11-30,77.0,46.42,10000.0
5913004572,"ООО ""ГУБАХАХЛЕБ""",1025901778660,failed,2025-05-24,59.0,10.71,109000.0
6318126912,"ООО ""ПРОГРЕСС-Н""",1026301506395,failed,2022-05-09,63.0,41.20,150000000.0
9718027870,"ООО ""ГАРД""",1167746880773,failed,2026-02-27,77.0,69.10,10000.0
7708351270,"ООО ЧОП ""КОМЕТА""",1197746342243,failed,2025-06-12,77.0,80.10,250000.0
9111012375,"ООО ""МТ ХОЛДИНГ""",1159102030097,failed,2024-09-12,91.0,30.11,74819.0
2364020208,"ООО ""ВУДВИЛ""",1212300048927,failed,2024-12-26,23.0,41.20,10000.0
9103070510,"ООО ""БЕЛУГА""",1159102072260,failed,2022-10-03,91.0,41.20,10000.0
6679060346,"OOO ""УРАЛПРОМЭНЕРГО""",1146679032059,failed,2022-04-17,66.0,46.72,10000.0
5024054445,"ООО ""НТЦ ""ИЗМЕРИТЕЛЬ""",1025002869825,failed,2025-08-23,50.0,25.61,10000.0
3904083422,"ООО ""КОЛОРПРИНТ""",1073905000080,failed,2026-03-01,39.0,18.12,10000.0
2907008291,"ООО ""ПЕРЕРАБОТЧИК-2""",1022901219330,failed,2022-07-02,29.0,10.1,100000.0
7841081667,"ООО ""ИНВЕСТ АВТО""",1197847051841,failed,2025-08-15,78.0,77.11,10000.0
6829127585,"ООО ""КАПСТРОЙИНВЕСТ""",1166820065026,failed,2026-01-29,68.0,43.32.1,10000.0
4003040087,"ООО ""СТРОИТЕЛЬНАЯ КОМПАНИЯ ОЛИМП""",1194027004357,failed,2023-12-23,40.0,41.20,10000.0
8901040109,"ООО ""УМАР""",1218900001374,failed,2026-04-17,89.0,47.22,10000.0
7704036711,"ООО ""ИФК ""МЕТРОПОЛЬ""",1027739083130,failed,2022-04-17,77.0,66.12.1,720000000.0
2801164533,"ООО ""С ТЕХНОЛОГИЯ""",1112801007329,failed,2023-01-30,28.0,23.5,76000000.0
5032202175,"ООО ""ВОБЛОК""",1155032003620,failed,2022-10-31,50.0,23.61,25000.0
1651084980,"ООО ""ДЕНТ ПРИМА""",1191690044567,failed,2024-08-04,16.0,86.23,10000.0
6508010017,"МУП ""ГЖК""",1156509000460,failed,2024-11-28,65.0,68.32,131859.0
6685091021,"ООО ""СВ-МЕТАЛЛ-ГРУПП""",1156658020210,failed,2025-07-17,77.0,46.77,1500000.0
1660247422,"ООО ""БСЛ ИНЖИНИРИНГ""",1151690057716,failed,2023-08-11,16.0,41.20,1000000.0
5027251875,"ООО УК ""ЖКХ-ОНЛАЙН""",1175027010839,failed,2023-08-26,50.0,68.32,10000.0
6350005165,"ООО "" БРИЗ""",1026303276207,failed,2024-02-26,63.0,52.10,200000.0
7610046802,"ООО ""ЛЕМИ""",1027601124825,failed,2022-02-03,76.0,41.20,67340.0
6434912508,"МУП ""ЖКХ"" ГОРОДСКОГО ОКРУГА ЗАТО СВЕТЛЫЙ",1026401183236,failed,2023-10-15,64.0,68.32.1,163250.0
6444009736,"ООО ""ЭКОПЕТРОВСК""",1196451003605,failed,2023-04-01,64.0,22.29,100000.0
1659110896,"ООО ""ИЛЬ-ХАМЕТ""",1111690028988,failed,2024-10-07,16.0,41.20,100000.0
6729020599,"ООО ""СЕТЬ АГРОМАРКЕТОВ""",1096731012003,failed,2024-03-14,67.0,77.3,436866607.0
4703132960,"ООО ""ЯНТАРЬ""",1124703013335,failed,2024-09-05,47.0,41.20,10000.0
5904359441,"ООО ""ПМУП ГКТХ""",1185958003395,failed,2025-12-25,59.0,68.32.1,10000.0
7701736546,"ООО ""БАМОС ТРЕЙД""",1077758446116,failed,2023-01-31,77.0,68.32.1,100000.0
2464017946,"АО ""АБЗ""",1022402304540,failed,2025-12-26,24.0,46.73.6,
7113021220,"ООО ""ВОЛЫНКА""",1027102877735,failed,2022-06-30,71.0,01.11.1,33000.0
7709342198,"ООО ""ЭЛИНГ СПОРТ""",1027739049524,failed,2022-01-19,77.0,45.11.1,1542000.0
5410077239,"ООО ""СМНУ 54""",1185476096002,failed,2025-02-27,54.0,41.20,1000000.0
6722042064,"ООО ""СЕРВИС ЛЕС""",1146733002008,failed,2026-04-02,67.0,16.10.1,10000.0
7206029278,"ООО ""АНТИКОР-М""",1047200157730,failed,2024-01-25,72.0,43.91,20000.0
6661102242,"ООО""УПЕК""",1026605233412,failed,2026-03-28,66.0,42.99,2121210.0
2311113226,"ООО ""ВТК-С""",1082311008548,failed,2026-04-18,77.0,62.09,42000.0
7707737803,"ООО ""ЭНДЖОЙ МУВИЗ""",1107746937066,failed,2022-11-13,77.0,59.1,10000.0
5407267053,"ООО ""ФАБРИКА ФАВОРИТ""",1045403206386,failed,2026-03-06,54.0,10.51.2,5000000.0
0411169395,"ООО ""МК-152""",1140411002225,failed,2024-01-01,4.0,42.11,10000.0
7448198860,"ООО ""УРАЛКОНТРОЛЬМОНТАЖ""",1167456139124,failed,2023-03-20,74.0,41.20,10000.0
3906228560,"ООО ""ТВВ""",1113926003443,failed,2025-10-19,39.0,82.99,300000.0
5321184285,"ООО ""АГРОКОМПЛЕКС ВОЛХОВ""",1165321055921,failed,2023-07-08,53.0,01.47,1000000.0
7704441808,"ООО ""РУСБИОАЛЬЯНС""",1177746855131,failed,2024-08-29,10.0,68.20.1,1037600000.0
6671228974,"ООО ""КОРПУСГРУПП УРАЛ""",1076671021327,failed,2025-08-29,66.0,56.29.1,500000.0
6454045814,"ООО ""НППФ ""СТРОЙ - РЕСТАВРАЦИЯ""",1026403341920,failed,2022-09-07,64.0,41.20,
5605021799,"АО ""ЮЖНО-УРАЛЬСКИЙ ХИМЗАВОД""",1145658016657,failed,2025-12-21,56.0,20.13,181827000.0
2627015970,"ООО ""КУРОРТСТРОЙСЕРВИС""",1022603422478,failed,2023-06-26,26.0,42.11,10000.0
7708640762,"ООО ""МИЛКОУ""",5077746935756,failed,2025-02-01,50.0,46.33,90000000.0
4022004623,"ООО ""МАТВЕЙ И ЕГОР - КАФЕ""",1084004000134,failed,2024-04-18,40.0,56.10,30000.0
7723505528,"АО ""ТЕСЛИ""",1047796106269,failed,2026-02-10,77.0,46.43,10000.0
7727342987,"ООО ""СК ЭВЕРЕСТ""",1187746389643,failed,2026-01-31,77.0,41.20,20000.0
3528119088,"ООО ""ЧМХС РЭУ""",1073528000072,failed,2024-06-06,35.0,68.32.1,10000.0
2721133466,"ООО ""ГРИНВИЛЛЬ""",1062721014388,failed,2022-01-16,27.0,41.20,10000000.0
7729232330,"ООО ""КОНКОР-А""",1027700033338,failed,2024-11-18,77.0,46.39,1000000.0
0307035148,"АО ""ЗАКАМЕНСК""",1090327010091,failed,2025-12-26,77.0,38.32.49,30000.0
6230092159,"ООО ""РТК""",1156234015277,failed,2026-01-16,62.0,46.73.6,10000.0
7702544276,"ООО ""ИНТЕРКОМ""",1047796884948,failed,2022-01-18,77.0,64.99.3,11000.0
0545002253,"АО ""КАСПИЙ - ЛАДА""",1020502131539,failed,2024-08-30,5.0,45.11.2,5800.0
3704009855,"ООО ""ТЕПЛОВИК""",1173702017829,failed,2023-02-08,37.0,68.20.29,55548000.0
3018013285,"АО ""ТЭЦ-СЕВЕРНАЯ""",1023000847924,failed,2025-02-16,30.0,35.30.11,
2723192675,"ООО МКК ""ДЕНЕЖНОЕ АГЕНТСТВО АМН""",1172724003583,failed,2024-09-26,27.0,64.92,10000.0
8602078947,"ООО ""УК ГРАВИТОН""",1088602007670,failed,2025-06-18,86.0,68.32,50000.0
6670350227,"ООО ""ЮНИСТРОЙ""",1116670025625,failed,2023-03-28,66.0,43.2,20000.0
3905056372,"ООО ""ЛЕСТОРГДОМ""",1043900805178,failed,2022-08-08,77.0,64.91,50000.0
7724806542,"ООО ""КОМСТРОЙ""",1117746781008,failed,2022-02-21,77.0,43.2,10000.0
3327116200,"ООО ""СТРОИТЕЛЬНАЯ КОМПАНИЯ АСТ""",1133327002687,failed,2023-08-28,33.0,43.12,10000.0
2308024336,"АО ""КРАСНОДАРГАЗСТРОЙ""",1022301172750,failed,2025-10-08,23.0,49.41.2,
0917031828,"ООО ""ЗРБ""",1170917000814,failed,2022-07-03,9.0,42.11,20000.0
7706462063,"ООО ""СМАРТ ФУТВЕР""",1187746959828,failed,2023-11-03,77.0,46.42,500000.0
8603158634,"ООО "" ТАРХОВСКОЕ""",1088603009758,failed,2026-03-26,86.0,06.10.1,630000000.0
6150102764,"ООО ""АРЕС-МЕТ""",1226100022598,failed,2025-08-24,61.0,46.90,10000.0
0816034491,"ООО ""ИНТЕРСТРОЙ""",1170816000365,failed,2025-08-21,8.0,41.20,20000.0
7718955546,"ООО ""СВАЙСТРОЙСЕРВИС""",5137746069115,failed,2024-02-07,77.0,41.20,10000.0
3443075339,"ООО ""СТРОЙИНВЕСТ""",1073443000861,failed,2023-02-25,34.0,41.2,10000.0
9723085228,"ООО ""НЕВА-СТРОЙМОНТАЖ""",1197746323048,failed,2024-02-03,77.0,41.20,50000.0
6164276721,"ООО ""ЭКСПОДОН""",1086164002693,failed,2024-05-27,61.0,08.11,10000.0
7810843040,"ООО ""СК ""ОЛИМП""",1117847428049,failed,2023-04-22,78.0,43.12,10000.0
7842184440,"ООО ""РИКДОМ""",1207800120153,failed,2026-04-01,78.0,41.20,30000.0
1655403179,"ООО ""СТФ СТАНДАРТ-Р""",1181690046086,failed,2026-04-03,16.0,41.20,10000.0
8620020379,"ООО ""ОСНОВА""",1118603017334,failed,2023-09-12,86.0,41.20,10000.0
1644065390,"ООО ""СПЕЦРЕГИОНСТРОЙ""",1121644001588,failed,2026-02-16,16.0,43.12,530000.0
5013029133,"ООО ""СВС""",1035002600192,failed,2023-07-06,50.0,28.14,515000.0
5040165456,"ООО ""МЕГАПОЛИС""",1195027027458,failed,2025-12-25,50.0,49.41,500000.0
0234005580,"ООО ""ЭНЕРГОСТРОЙСЕРВИС""",1060249002307,failed,2024-11-02,2.0,33.14,590000.0
3443142970,"ООО ""АР-ИНЖИНИРИНГ""",1193443009231,failed,2025-05-23,8.0,42.21,12000.0
5836680277,"ООО ""ГОРИЗОНТ- М""",1165835072908,failed,2026-04-23,58.0,42.11,10000.0
3662281422,"ООО ""СИБИЭС ВОЛОСОВО""",1193668047044,failed,2025-12-11,47.0,10.91.1,50505.0
5402039800,"ООО ""ТЕХВЭБ""",1185476001930,failed,2024-09-20,54.0,49.41.1,25916010000.0
5045031706,"ООО ""ПАРТНЁР""",1045009151440,failed,2025-07-17,50.0,10.91,10000.0
7816706474,"ООО ""ИТС""",1207800061116,failed,2025-05-08,78.0,43.12,10000.0
0700003085,"ООО ""МОНТАНА ЛОГИСТИК""",1220700001642,failed,2025-02-17,7.0,49.42,10000.0
6025021116,"ООО ""ЭНЕРГОМОНТАЖ""",1026000900980,failed,2023-08-27,60.0,33.14,
7715398760,"ООО ""ДМСТ""",1157746022158,failed,2024-01-21,77.0,42.11,10000000.0
5027175247,"ООО ""МАВНИ ГРУПП""",1115027007897,failed,2023-09-27,77.0,41.20,22000.0
6311084205,"ООО ""БАСТИОН""",1066311023899,failed,2025-11-27,78.0,41.20,200000.0
4824096964,"ООО ""ФАСТТРАНС""",1194827004228,failed,2025-11-24,48.0,49.41,15000.0
9731038503,"ООО ""СМ-ГРУПП""",1197746282030,failed,2025-12-26,77.0,41.20,10000.0
4205366878,"ООО ""ВЕКТОР""",1184205005489,failed,2024-05-20,42.0,43.12,10000.0
5040129867,"ООО ""МСК""",1145040005439,failed,2024-08-03,50.0,41.20,10000.0
0264065804,"ООО ""ВЕНТСЕРВИС""",1130280020232,failed,2025-08-10,2.0,43.22,10000.0
2360013908,"ООО ""ПРОЕКТНЫЙ ИНСТИТУТ ТЕРРИТОРИАЛЬНОГО РАЗВИТИЯ""",1212300044637,failed,2025-12-12,23.0,71.12,20000.0
7719495838,"ООО ""ПСТ МСК""",1197746517319,failed,2024-05-19,77.0,41.20,50000.0
7727746531,"ООО ""ЭВАРИ""",1117746257738,failed,2026-03-29,77.0,41.20,10000.0
7715954657,"ООО ""ЭНЕРГИЯ-77""",1137746185389,failed,2023-06-12,77.0,41.20,100000.0
9201000247,"ООО ""ТЕХАЛЬЯНС""",1149204000406,failed,2025-10-31,91.0,43.99,11000.0
7816453819,"ООО ""БАРКАС""",1089848030799,failed,2025-03-29,78.0,03.21.4,40000.0
7724303972,"ООО ""М-СТРОЙ""",1157746067060,failed,2024-01-01,77.0,43.11,10000.0
5700001898,"ООО ""ИНВЕСТСТРОЙ""",1235700000084,failed,2026-04-12,57.0,41.20,10000.0
7751016536,"ООО ""УК ""СИТРАСТ""",1167746136832,failed,2026-01-25,77.0,69.20,54831218.0
1659191158,"ООО ""СУВАР""",1181690046229,failed,2026-01-30,16.0,41.20,125000.0
5404309869,"КФХ ""АГРОКОМПЛЕКС ""СВЕТЛЫЙ""",1225400008877,failed,2025-10-02,54.0,01.11.1,
3908003844,"АО КП ""ЭРА""",1023901860674,failed,2024-06-09,39.0,30.11,2064924.0
7805105344,"ООО ""ВЕРСИЯ""",1037811008850,failed,2026-03-07,78.0,10.42,
4217135385,"ООО ""УК ЮЖНЫЙ КУЗБАСС""",1114217005825,failed,2025-09-06,42.0,68.32.1,10000.0
6652015321,"ООО ""АГРОФИРМА ""НИКОЛЬСКОЕ""",1026602173190,failed,2024-10-07,66.0,01.41,8000000.0
6315018330,"ООО ""АЗИМУТ ЛОГИСТИК""",1176313046458,failed,2022-03-24,63.0,49.41,10000.0
7210110549,"ООО ""АПАТ""",1077214000160,failed,2024-10-21,72.0,49.31.21,10000.0
7727477776,"ООО ""ТИ АР ГРУПП""",1217700554653,failed,2026-04-03,77.0,23.63,10000.0
6404000462,"ООО ФИРМА ""РАДА""",1026400554069,failed,2024-09-23,64.0,47.1,
7719829223,"ООО ""КТИ""",1127747181198,failed,2025-02-27,77.0,35.21,10000.0
7327048010,"ООО ""НИКА""",1087327004093,failed,2025-11-29,73.0,41.20,11000.0
2704006676,"ООО ""ЛЕСИНВЕСТ""",1022700713090,failed,2024-06-25,27.0,41.20,10000.0
3662184965,"ООО ""НОВОСТРОЙ""",1133668003622,failed,2024-02-15,36.0,41.2,12500.0
6949002595,"ООО ""САВВАТЬЕВО 1""",1076949001359,failed,2023-07-01,69.0,01.5,1225000.0
7713470160,"ООО ""СКР""",1197746535491,failed,2026-01-30,77.0,46.13.2,10000.0
3810064110,"ООО ""УЖКС""",1163850070240,failed,2022-06-19,38.0,68.32.1,10000.0
5024164328,"ООО ""М.В. ГРУПП""",1165024053094,failed,2023-12-26,50.0,41.20,50000.0
2720026704,"ООО ""ДАЛЬПРОМСНАБ""",1032700254135,failed,2026-04-12,27.0,68.20.1,20000.0
3902008885,"ООО "" ЭЛЕКТРОКАБЕЛЬ """,1063914038671,failed,2024-06-02,39.0,27.32,10000.0
7728842277,"ООО ""ВИНССЕРВИС""",1137746383829,failed,2025-12-08,77.0,41.2,12500.0
1646031870,"ООО ""СТРОЙ-ГАРАНТ""",1111674005552,failed,2026-03-28,16.0,41.20,15000.0
7453320442,"ООО ""ЦЕХ174""",1187456015603,failed,2023-07-27,74.0,25.11,10000.0
7733354363,"ООО ""СТАН""",1207700151670,failed,2024-12-27,77.0,46.72,50000.0
7801489428,"ООО ""ЛС""",1097847033954,failed,2026-02-15,78.0,86.90.9,2400000.0
4705085917,"ООО ""ВОЛОСОВСКИЙ ККЗ""",1204700004970,failed,2025-12-08,47.0,10.41.2,50000.0
3457004024,"ООО ""ИМПУЛЬС ПЛЮС""",1173443020310,failed,2026-04-16,34.0,46.71.2,20000.0
5029229280,"ООО ""ОНИКС СЕРВИС""",1185029005512,failed,2024-10-04,50.0,28.25.13,10000.0
4246021375,"ООО ""КАЯГУШ""",1174205015357,failed,2026-03-01,42.0,01.11,10000.0
7709518412,"ООО ""АЭТ""",1037789009720,failed,2024-12-25,77.0,42.99,15521500.0
7203275532,"ООО ПК ""ТМК""",1127232013699,failed,2023-12-03,72.0,25.29,2000000.0
7703819893,"ООО ""ГЕЛИКОН ИНЖИНИРИНГ""",5147746237612,failed,2025-09-25,77.0,46.90,50000.0
6376026949,"ООО СК ""МОТОР""",1176313016868,failed,2024-01-26,63.0,42.11,10000.0
5408287743,"ООО ""АТВ-ГРУПП""",1115476060776,failed,2023-01-29,54.0,46.90,30000.0
2444002148,"ООО ""УКЖФ""",1132443002086,failed,2022-05-15,24.0,68.32,13000.0
2311237574,"ООО ""КРАФТЕР-ВОЛГА""",1172375042333,failed,2024-10-11,77.0,49.41,40100000.0
9102015108,"ООО ""КРЫМ-СТРОЙ ЛТД""",1149102022211,failed,2023-09-05,91.0,41.20,10000.0
7453221473,"ООО ""НОВАСТРОЙ""",1107453008057,failed,2022-04-14,74.0,42.11,10000.0
7810770498,"ООО ""ТЕРЭЛ ШЕРИНГ""",1197847157991,failed,2026-03-29,78.0,45.11,19607.0
5249129403,"ООО ""САЛЮС""",1135249005055,failed,2025-10-13,66.0,28.21,1100000.0
7743834055,"ООО ""ХОСПИТЭЛИТИ ГРУПП""",1117746873420,failed,2025-12-25,77.0,55.10,1000000.0
7805636271,"ООО ""ОКТАНТ""",1137847448606,failed,2025-11-27,78.0,43.21,10000.0
4629053156,"ООО ""СЕРВИСТЕХНИКА""",1024600965102,failed,2026-01-24,46.0,46.90,
7723666733,"ООО ""ДВЕРНОЙ ДОВОДЧИК""",1087746780747,failed,2023-06-06,77.0,46.74,110000.0
4706035690,"ООО ""ИМПЕГ""",1144706000438,failed,2026-02-15,47.0,49.41,10000.0
6318247402,"ООО ""ДОМИНАТ""",1146318008869,failed,2025-11-20,63.0,42.21,200000.0
7203346818,"ООО ""АВТО-ПАРТНЕР""",1157232022133,failed,2023-10-12,72.0,49.41,10100.0
9729035696,"ООО ""МАКОВЕЦ""",5167746274856,failed,2026-02-21,77.0,46.22,20000.0
3023006220,"ООО СА ""КОРУС ШИППИНГ""",1133023001616,failed,2026-04-06,30.0,50.20,10000.0
7203321010,"ООО ""КОМАКС""",1147232044640,failed,2024-09-20,72.0,42.11,11000.0
9701171650,"ООО ""УК ""ГЕФЕСТ""",1217700080344,failed,2026-02-12,77.0,68.32,10000.0
6231052448,ООО СТРОЙАКТИВ,1026201076956,failed,2024-02-19,62.0,41.2,500000.0
5401375454,"ООО ""ЭНЕРГОЛАЙН""",1145476002473,failed,2025-06-09,54.0,43.21,100000.0
7202259947,"ООО ""ИПК ""ВОСТОЧНЫЙ АЛЬЯНС""",1147232016073,failed,2025-12-21,72.0,16.23,10000.0
4346007053,"ООО ""ФИНАНСОВАЯ КОМПАНИЯ АЖИО""",1034316500591,failed,2023-06-30,77.0,64.99.11,48314833.0
7743422492,"ООО ""ДИДЖИТАЛ КАРС""",1237700485747,failed,2025-11-24,77.0,45.11,1000000.0
7728898960,"ООО ""КАСКАДСТРОЙСЕРВИС""",5147746450836,failed,2022-07-14,77.0,64.99,10000.0
9717092788,"ООО ""ДИМИУРГ""",1207700240989,failed,2026-04-09,77.0,41.20,10000.0
7726457544,"ООО ""ФУРГОНОФ""",1197746560351,failed,2026-03-27,50.0,49.41,107000.0
6373000036,"ООО ""МСК""",1156381010070,failed,2026-02-08,63.0,41.20,10000.0
2319064436,"ООО ""СЕРВИС ЮГ ПРОДУКТ""",1172375090953,failed,2024-06-26,23.0,46.31,10000.0
1327032901,"ООО ""АВТОСТРАДА""",1181326004661,failed,2025-03-07,13.0,42.11,10000.0
3902011461,"ООО ""ПРОМСНАБ""",1213900003030,failed,2025-10-07,39.0,46.15.3,10000.0
5001115540,"ООО ""ТЛК""",1175053013310,failed,2023-09-04,50.0,49.32,1000000.0
7728515640,"ООО ""ИНФО ЭКСПО""",1047796422332,failed,2026-03-09,77.0,46.69.4,10000.0
5032343850,"ООО ""ФИДЕМ""",1225000081217,failed,2025-10-18,50.0,47.30.2,10000.0
3664113254,"ООО ""АСД-СТРОЙ""",1113668033313,failed,2025-04-03,36.0,41.20,11000.0
7723909016,"ООО ""ВКУСНЫЙ ВЫБОР""",1147746566934,failed,2025-04-19,77.0,56.29,12000.0
7203332558,"ООО ""ЭНКИ СТРОЙ""",1157232004852,failed,2024-01-21,72.0,41.20.1,10000.0
2130112703,"ООО ""СТРОЙТРЕСТ""",1122130015347,failed,2026-01-29,21.0,41.20,500000.0
1646047220,"ООО ""МИГТРАНС""",1191690054709,failed,2026-03-26,16.0,52.29,10000.0
7720795924,"ООО ""АВТОБЭСТ""",5137746046081,failed,2024-05-30,77.0,45.31.1,50000.0
1841094175,"ООО ""МАСПРО""",1201800013865,failed,2026-03-24,77.0,71.11,10000.0
1103046552,"ООО ""ДОБРОДЕЙ""",1211100004268,failed,2024-07-09,11.0,68.32.1,10000.0
7710512373,"ООО ""СТРОЙНОВАЦИЯ""",1037739934396,failed,2022-02-16,77.0,41.20,3010000.0
7841501706,"ООО ""АККОРД""",1147847162550,failed,2025-11-25,78.0,46.71,10000.0
8602289722,"ООО ""БУЛЛДОГ""",1188617017049,failed,2024-03-16,86.0,70.22,10000.0
3443064802,"ООО ""РМЗ""",1053443065389,failed,2026-01-26,34.0,68.20,10000.0
7702247428,"ЗАО ""АГЕНТСТВО ""РЕГИОН-СОЦИУМ""",1027739075616,failed,2023-06-08,77.0,59.1,10000.0
6950203345,"ООО ""ЛОГИСТИЧЕСКАЯ КОМПАНИЯ""",1176952002490,failed,2026-02-17,78.0,49.41,100000.0
1660360428,"ООО ""БИС""",1211600020433,failed,2025-11-27,16.0,81.30,10000.0
7725361712,"ООО ""АСТТЭК""",1177746251430,failed,2025-12-04,77.0,41.20,10000.0
5024037961,"АО ""КЭС""",1025002869693,failed,2022-02-23,50.0,35.14,236590.0
5043079011,"ООО ""КОМПЛЕКТПЛЮС""",1225000120102,failed,2026-03-26,50.0,46.73.4,50000.0
0705008200,"ООО ""ТДУ""",1130724000076,failed,2022-10-22,7.0,68.32.1,10000.0
7716938672,"ООО ""ГРОСС ИНЖИНИРИНГ""",1197746406912,failed,2025-12-05,77.0,71.12,110000.0
3123190660,"ООО ""ПСК ""БЕЛЭНЕРГОСТРОЙ""",1083123021630,failed,2026-02-19,31.0,25.11,1000000.0
3902011091,"ООО ""СФЕРРА""",1183926020926,failed,2024-01-28,39.0,62.01,1500000.0
2463237272,"ООО ""ЭКСПРЕСС ЛОГИСТИКА ТРАНС""",1122468025151,failed,2024-11-03,24.0,52.29,10000.0
2635212153,"ООО ""ЕАТК""",1152651019740,failed,2025-12-03,26.0,41.20,1000000.0
6317104909,"ООО ""ПРОЕКТМОНТАЖИНДУСТРИЯ""",1146317017384,failed,2026-01-30,63.0,41.20,10797.0
7720674630,"ООО ""КАТЭН""",1097746832017,failed,2025-11-25,77.0,43.21,1000000.0
7710530196,"ООО ""ФЛМ-СЕРВИС""",1047796113639,failed,2025-03-21,77.0,96.01,15000.0
7004007867,"МУП ""БИО ТЭП""",1187031058356,failed,2022-02-14,70.0,35.30,100000.0
1809006826,"ООО ""ТРУЖЕНИК""",1081809000822,failed,2025-03-20,18.0,01.50,1000000.0
7707459458,"ООО ""СОЛИДА-ОЙЛ""",1217700564872,failed,2025-11-06,77.0,46.75,100000.0
7840050867,"ООО ""КАБЕЛЬНЫЙ ЗАВОД""АРМАКАБЕЛЬ""",1167847206933,failed,2026-01-25,78.0,27.32,10000.0
7838067077,"ООО ""СТРОЙ КОТТЕДЖ""",1177847103279,failed,2024-12-15,78.0,25.50,10000.0
7706463395,"ООО ""ЗВУКИ ВИН""",5187746006289,failed,2024-03-06,50.0,46.34.21,10000000.0
5016015481,"ООО ""АС""",1075038009804,failed,2023-08-17,50.0,43.22,10000.0
9705141494,"ООО ""НЕФТЕГАЗ И ЭНЕРГЕТИКА""",1207700051570,failed,2024-08-21,78.0,46.69,123085000.0
7727339367,"ООО ""ТВЛ""",1187746169412,failed,2024-10-17,77.0,49.10,300000.0
9102040190,"ООО ""А.М.Т. ГРУПП""",1149102076860,failed,2024-11-25,91.0,46.49,1500000.0
5036120702,"ООО ""РУСРЕСУРС""",1125074002811,failed,2024-02-25,57.0,38.21,10100000.0
3914021094,"ООО ""АТЛАС ЧЕЙН""",1153926024670,failed,2025-09-16,78.0,52.29,12000000.0
6321288695,"ООО ""ЭНП-И""",1126320005680,failed,2024-03-22,63.0,27.12,10000.0
6319141600,"ООО ""НЕФТЕГАЗ""",1076319010866,failed,2025-02-09,63.0,43.29,10000.0
0702011772,"МУП ""ЖИЛКОМСЕРВИС""",1180726005350,failed,2023-12-24,7.0,35.30.14,11250000.0
5036155945,"ООО ""ТОЙ.РУ""",1165074050745,failed,2023-12-05,77.0,47.65,10000.0
0708015558,"МУП ""ЧЕГЕМТЕПЛОСЕРВИС""",1170726004723,failed,2022-06-24,7.0,35.30.14,100000.0
0726022981,"ООО ""ЮЖНЫЙ""",1190726005711,failed,2023-03-14,7.0,68.32,10000.0
6381017964,"ООО "" ДВИГАТЕЛЬ-СЕРВИС""",1116381000438,failed,2024-08-11,63.0,09.10.9,10000.0
7329031735,"ООО ""ЭЛЕВАТОР ""ЯКУШКА""",1197325014810,failed,2025-08-19,73.0,01.11,10000.0
4205364091,"ООО ""ШИШИНСКОЕ""",1184205000176,failed,2025-04-07,42.0,01.11.1,20000.0
2635810957,"ООО ""ЛАЗО""",1122651009656,failed,2025-05-22,26.0,46.75.1,12000.0
7449128880,"ООО ""РЕМПРОМГРУПП""",1167456065017,failed,2023-12-20,74.0,41.20,11000.0
7705449687,"ООО ""КОФЕЛИ ГЕБОЙДЕТЕХНИК""",1037700239983,failed,2026-02-13,77.0,43.22,3554966.0
7805319843,"ООО ""УК""ЖС""",1157847242520,failed,2023-12-13,78.0,68.32,30000.0
5040090360,"ООО ""ПК АПЕКС""",1155040002897,failed,2025-12-21,50.0,24.10.13,100000.0
2461044821,"ООО ""КИТС""",1192468030622,failed,2026-03-01,39.0,41.20,10000.0
3123194224,"ООО ""БЕЛГОРОДСКИЙ ОЗЕЛЕНИТЕЛЬ""",1093123003159,failed,2026-02-25,31.0,01.61,30408.0
7726482815,"ООО ""АРТ ГРУПП""",1217700430364,failed,2026-04-06,77.0,71.11.1,10000.0
9729265900,"ООО ""ПРОДТОРГ""",1187746310014,failed,2026-03-23,77.0,46.34.1,100000.0
7703792360,"ООО УК ""ЛЭМЗ""",1137746547553,failed,2024-08-05,77.0,68.20.21,10000.0
2700006516,"ООО ""КРCCC""",1232700003030,failed,2025-08-24,27.0,41.20,10000.0
5030090811,"ТСН "" БЕРЕЗОВАЯ АЛЛЕЯ""",1175074004566,failed,2025-12-31,50.0,68.32.1,
3666156454,"ООО ""ИНЖЕНЕР-СТРОЙ-ПРОЕКТ""",1083668053347,failed,2023-10-22,36.0,43.12,10000.0
7313010289,"ООО ""МЕГАПРОМСТРОЙ""",1167325058163,failed,2023-03-11,73.0,41.20,10000.0
2320175934,"ООО ""ИС""",1092366005687,failed,2025-11-20,23.0,43.21,10000.0
2722039522,"ООО ""ИСТАНТ""",1152722001233,failed,2026-03-07,27.0,41.20,10000.0
2631800612,"МУП ""ГАРАНТИЯ"" Г.НЕВИННОМЫССКА",1102651004906,failed,2024-02-10,26.0,68.32,414000.0
0411133913,"ООО ""ГОРНЫЙ""",1070411004443,failed,2025-06-05,4.0,93.29.2,19598504.0
7735030195,"АО ""ИТТИП""",1027739752908,failed,2022-03-27,77.0,72.19,107280.0
6432019271,"ООО ""САР-ГРАНИТ""",1166451053340,failed,2026-03-29,64.0,38.22,10000.0
6164123154,"ООО СЗ ""МСК-ИНВЕСТ""",1186196035827,failed,2023-12-17,23.0,71.12.2,200000.0
5505221191,"ООО ""СУ-62""",1145543022932,failed,2026-01-25,55.0,41.20,10000.0
1650349129,"ООО ""КЗМК""",1171690048518,failed,2024-03-28,16.0,25.62,20000.0
7733222705,"ООО ""СВЯЗЬИНЖСТРОЙ""",1157746142179,failed,2025-05-25,50.0,43.11,50000.0
7017488244,"ООО СЗ ""ЖК - МОСКОВСКИЙ""",1217000009500,failed,2025-11-02,70.0,41.20,10000.0
2463058820,"НАО ""КАТЭКЭНЕРГОПРОМСТРОЙ""",1022402123578,failed,2024-06-26,24.0,42.22.3,10000.0
3128050610,"ООО ""РИК СТРОЙ-С""",1053109237059,failed,2026-03-08,31.0,22.23,10000.0
7706455563,"ООО ""РУСПОЛИПРО""",1187746736143,failed,2024-08-22,77.0,38.32.5,20000.0
5406775054,"ООО ""АТРИУМ""",1145476028477,failed,2026-03-16,54.0,25.11,100000.0
3528266220,"ООО ПК ""АКТИС ЭЛЕКТРИК""",1163525106744,failed,2026-02-28,35.0,43.21,100000.0
0277943943,"ООО ""ПИЛИГРИМ""",1190280053435,failed,2024-11-15,2.0,49.41,20000.0
7327087073,"ООО ""СПОРТИВНЫЕ ТЕХНОЛОГИИ""",1187325008056,failed,2026-01-20,73.0,93.11,10000.0
7810914020,"ООО ""СК ЛЕНИНГРАДСКИЕ ДОМА""",1217800029226,failed,2023-12-26,78.0,41.20,11000.0
1644070062,"ООО ""СМУ-СТРОИТЕЛЬ""",1141644000080,failed,2023-09-24,16.0,41.20,250000.0
0276905818,"ООО ""ТЕХНО-СТРОЙ""",1150280044111,failed,2024-04-01,2.0,41.20,10000.0
5402576629,"ООО ""ЛИДЕР""",1145476066559,failed,2026-02-06,54.0,49.41,10000.0
7810368074,"ООО ""РЕСУРС""",1157847236876,failed,2023-11-27,78.0,42.11,10000.0
6143064532,"ООО ""АМАРАНТ""",1076143000251,failed,2026-02-19,61.0,42.21,10000.0
3906210820,"ООО ""ВУД-АЛЬЯНС""",1093925027327,failed,2024-03-01,39.0,16.10,10000.0
7720352633,"ООО СК ""СИМАК ГРУПП""",1167746845518,failed,2025-09-07,77.0,41.20,20000.0
5405437285,"ООО ""У` ДАЧНЫЙ ДОМ""",1115476075846,failed,2026-01-19,54.0,41.20,10000.0
1001326913,"ООО ""СК ФЕЛИКС""",1171001006220,failed,2025-11-12,10.0,41.20,10000.0
2538108220,"ООО УПРАВЛЯЮЩАЯ КОМПАНИЯ ""ВЛАД-ДОМ""",1072538002932,failed,2026-03-09,25.0,68.32.1,10000.0
6827016505,"ООО ""ХЛЕБ-ЗДОРОВЬЕ""",1066827009567,failed,2025-12-14,68.0,10.71,10000.0
3910005567,"ООО ""УЭБ""",1183926020079,failed,2024-03-18,39.0,70.22,342880000.0
7203485064,"ООО ""ДИ-ОИЛ""",1197232019148,failed,2026-03-26,72.0,46.71,10000.0
2225121664,"ООО ""ПРОСТОР""",1112225006508,failed,2024-05-15,22.0,10.89,10000.0
7455024939,"ООО ""ПРОГРЕСС""",1167456055920,failed,2022-10-18,74.0,38.32.3,50000.0
1650357151,"ООО ""АВТОЭРА""",1171690120370,failed,2022-05-18,16.0,45.20,10000.0
2310132593,"ООО ""ЮГАГРОПРОМБИЗНЕС""",1082310016106,failed,2024-02-24,23.0,10.41.2,41205895.0
2540226454,"ООО ""ВЛАД СМАРТ КОНСТРАКШН""",1172536006103,failed,2026-01-25,25.0,46.73,10000.0
7203503669,"ООО ""УТЭИС""",1207200009037,failed,2025-11-02,72.0,35.30,10000.0
4632281152,"ООО ""БРИК""",1214600005718,failed,2025-12-27,46.0,46.73,10000.0
2540231292,"ООО ""ИНДАСОЛЕКС""",1172536038960,failed,2026-01-26,25.0,69.10,10000.0
2460017769,"ООО ""АНТАРЕС""",1022401792874,failed,2025-02-16,24.0,46.33,
7424002445,"ООО ""НПО ""ТСЗ""",1157456022316,failed,2023-02-02,74.0,28.41,700000.0
7714962768,"ООО ""ФОРСМАН""",5167746412774,failed,2023-08-07,77.0,81.10,10000.0
7814293430,"ООО ""СТК""",1157847367105,failed,2026-01-15,78.0,41.20,100000.0
2511048662,"ООО ""ФИТПОРТ""",1062511038457,failed,2026-02-17,25.0,93.13,6830505.0
5443028029,"ООО ПК ""ПРОФИЛЬСТАЛЬ""",1195476074925,failed,2023-12-24,54.0,24.33,10067497.0
4217192577,"ООО ""КПО""",1194205002750,failed,2025-03-06,42.0,46.77,10000.0
2447013236,"ООО ""ЛЕСКОМ""",1172468012034,failed,2022-05-01,24.0,02.20,16667.0
6501175475,"ООО ""ТРАНСТРОЙ""",1066501074056,failed,2025-06-22,20.0,41.2,600000.0
6501270915,"ООО ""ДАЛЬСТРОЙПРОГРЕСС""",1146501008290,failed,2023-03-16,65.0,23.61,10000.0
2536271020,"ООО ""АТТК""",1142536002476,failed,2025-07-29,25.0,50.20,100000.0
2454015379,"ООО ""СУ - 59 Л""",1042401342940,failed,2025-03-21,24.0,41.20,13375.0
8904074836,"ООО ""СОКАРР""",1148904000794,failed,2024-09-28,86.0,49.41,10000.0
2460255932,"ООО ""МАЛТАТВУД""",1142468045807,failed,2024-05-18,24.0,02.20,10000.0
6453098965,"ЖСК ""СЕВЕРНЫЙ""",1086453002118,failed,2025-10-10,64.0,82.99,
5829732380,"ООО ""АРТЕЛЬ""",1115809002231,failed,2024-11-07,58.0,16.23,11000.0
5031144139,"ООО ""ТРАСТ-А""",1225000003645,failed,2026-03-15,50.0,41.20,10000.0
8618002005,"ООО ""ГОРИЗОНТ""",1148601002648,failed,2025-04-28,86.0,43.13,200000.0
6164126677,"ООО ""ЮКК""",1196196018700,failed,2024-03-02,61.0,43.21,10000.0
5045068600,"ООО ""АП ""КАШИРА""",1225000095649,failed,2025-08-30,50.0,68.10.23,10000.0
7801485455,"ООО ""ВВК ЭЛЕКТРО""",1087847008226,failed,2024-02-25,78.0,43.21,15000.0
7805651537,"ООО ""ГМК""",1147847179644,failed,2024-03-28,78.0,41.20,400000.0
7728619871,"ООО ""КСК""",5077746744147,failed,2024-08-24,77.0,70.22,20000.0
7300002675,"ООО ""СТРОЙПРОМИНВЕСТ""",1227300006372,failed,2024-12-18,73.0,41.20,10000.0
7448202676,"ООО КОМПАНИЯ ""РЕЗЕРВ-АГРО""",1177456032335,failed,2022-01-16,74.0,49.41.2,10000.0
5256130449,"ООО ""АВТОРАН""",1145256004431,failed,2026-04-02,52.0,46.37,10000.0
7810780560,"ООО ""СМУ 8""",1197847226147,failed,2026-02-12,78.0,41.20,10000.0
6320055088,"ООО ""АСП""",1206300065608,failed,2025-12-22,63.0,46.73,10000.0
6166098390,"ООО ""СИЭРЭС""",1166196058467,failed,2022-07-03,61.0,41.20,10000.0
8603176217,"ООО ""ЮСК""",1108603021724,failed,2026-04-01,86.0,42.21,20000.0
7726378878,"ООО ""РЕСТКОМ""",1167746526980,failed,2026-01-28,77.0,81.10,25000.0
7816568104,"ООО ""ЛИГАЛИК""",1137847312371,failed,2024-12-17,78.0,41.20,500000.0
2635818466,"ООО ""ГЭС""",1132651003528,failed,2022-05-02,26.0,43.12,20000.0
5042155950,"ООО ""СК АЛМАЗ""",1215000024601,failed,2025-06-15,50.0,41.10,10000.0
7724655082,"ТСЖ ""БРАТЕЕВСКАЯ, 33-1""",1087746375738,failed,2024-04-21,77.0,68.32.1,
7810954216,"ООО ""ЭКОНОМПРО""",1227800123242,failed,2025-05-16,78.0,47.91,30000.0
0725002140,"ООО ""СТРОЙРЕСУРС""",1100725000606,failed,2026-01-29,7.0,41.20,25000.0
9709040546,"ООО ГК ""СЕВЕР""",5187746026090,failed,2024-12-21,77.0,43.99,5000000.0
5001106841,"ООО ""КОРС""",1165001050213,failed,2022-09-19,50.0,10.12,10000.0
5007097142,"ООО ""ТК ""АЛИСА""",1165007050394,failed,2026-03-15,77.0,42.21,10000.0
7807056942,"ООО ""ДВС""",1037819021987,failed,2026-02-13,77.0,46.90,120000.0
7703421630,"ООО ""ЭЛЕКТРО СИТИ СВЕТ""",5167746492953,failed,2025-08-01,77.0,43.99,100000.0
6659144291,"ООО ""АВТОРИНГ""",1069659053551,failed,2024-09-17,66.0,45.20,10000.0
7714476214,"ООО ""А.В.Е""",1217700432553,failed,2024-03-01,77.0,47.73,10000.0
7811640678,"ООО ТСК ""ТСТ""",1177847086780,failed,2022-06-03,78.0,41.20,10000.0
2315046980,"АО ""НОВОРОССИЙСКАГРОПРОМТРАНС""",1022302377712,failed,2025-03-21,23.0,68.20.29,
7801697957,"ООО ""МДС""",1217800059278,failed,2025-12-04,78.0,42.13,100000.0
2609025301,"ООО СХП ""СОКИ КУБАНИ""",1192651005986,failed,2025-04-04,26.0,10.32,25000.0
5042055441,"АО ""ПОСТ""",1025005329800,failed,2023-01-30,50.0,72.19,
7810458070,"ООО ""МОНО-КАРКАС""",1167847269820,failed,2025-12-24,78.0,41.20,10000.0
6671430676,"ООО ""МЕТПРОМ""",1136671023092,failed,2024-11-23,66.0,28.12,10010000.0
6679088380,"ООО ""СЕВЕРОУРАЛЬСКИЙ ЗАВОД ЖБК""",1169658025360,failed,2025-06-29,66.0,23.61,500000.0
9701275610,"ООО ""ДЭВКОН""",1247700115805,failed,2026-03-27,77.0,41.20,10000.0
4824069174,"ООО ""УК ""СОЛНЕЧНЫЙ ГОРОД""",1164827068977,failed,2026-02-17,48.0,68.32.1,10000.0
9723114670,"ООО ""СМАРТКЭЖУАЛ""",1217700179509,failed,2026-03-07,77.0,46.42,100000.0
5027294808,"ООО ""СК РУСЬ""",1215000031509,failed,2024-07-17,50.0,41.20,10000.0
9710045732,"АО ""СЕВЕР ИНВЕСТ""",5177746344353,failed,2024-06-28,77.0,70.22,35000.0
6730060451,"ООО ""ФК ""ТАУРУС""",1056758468360,failed,2025-08-03,67.0,46.34,10000000.0
2368001710,"ООО ""БЕЛПРОМНЕФТЕГАЗ""",1102368001482,failed,2022-07-25,23.0,47.30,10000.0
9731007343,"ООО ""ВЕЗЕТ ВСЕМ""",1187746710360,failed,2025-07-10,77.0,63.11.1,10000.0
7725722060,"ООО ""СТРОЙИНВЕСТ""",1117746314762,failed,2025-09-25,77.0,43.12.3,10000.0
6445010565,"ООО ""ПОВОЛЖЬЕ""",1056404500130,failed,2023-08-28,64.0,46.73,10000.0
7819046265,"ООО ""АСК ""СТАН""",1227800075777,failed,2024-10-28,78.0,41.20,10000.0
7839499601,"ООО ""ДОРИАНС""",1147847259405,failed,2025-05-19,78.0,71.1,10000.0
6501248109,"ООО ИК ""ДЕНЬГИ ДЛЯ ВСЕХ""",1126501004486,failed,2026-04-02,65.0,55.10,1000000.0
5045063056,"ООО СК ""МОНОЛИТ""",1185022002703,failed,2025-03-21,50.0,41.20,30000.0
7703624171,"ООО ""ЛОГИТРАНС""",1077746276343,failed,2024-06-28,77.0,46.43.2,10000.0
7816560779,"ООО ""БАЛТТОРГЭНЕРГОПРОЕКТ""",1137847164476,failed,2024-12-15,78.0,43.21,10000.0
7707598236,"ООО ""ОРБИТА ТРЕЙДИНГ""",5067746136630,failed,2024-12-13,77.0,46.66,1010000.0
9705171121,"ООО ""АРЕТА""",1227700306965,failed,2025-09-25,77.0,49.41,100000.0
2630035013,"ООО ""АГРО-ТЕХНИК""",1052601033231,failed,2025-08-21,77.0,46.11,10000.0
6501190890,"ООО ""СЗ ""ПСК-РУНК""",1086501000178,failed,2024-08-05,65.0,41.2,10000000.0
7722465826,"ООО ""КСИ""",1187746745229,failed,2026-04-12,77.0,41.20.1,30000.0
0326562615,"ООО ""КРОНА 03""",1180327010478,failed,2024-11-02,3.0,16.10,10000.0
2373010703,"ООО ""ПРОМСНАБ""",1162373050620,failed,2023-12-08,23.0,46.73.3,10000.0
5027237077,"ООО ""ТОРГОВЫЙ ДОМ ВЕКТОР""",1165027051001,failed,2022-06-10,50.0,46.32,10000.0
3665023998,"ООО ""ЦЕНТРЧЕРНОЗЕМТОРГ""",1023601585820,failed,2024-12-04,36.0,46.34,10000000.0
1609036735,"ООО ""НСК""",1151690110835,failed,2026-02-17,16.0,41.20,10000.0
7751165383,"ООО ""УК СЖС""",1197746408750,failed,2024-12-21,77.0,68.32,10000.0
9704106842,"ООО ""ХОНИТ""",1217700608740,failed,2024-11-21,77.0,41.10,195000.0
7719487410,"ООО ""МОНТАЖНАЯ ТЕХНИКА""",1197746147114,failed,2025-03-19,77.0,46.71,10000.0
2308063399,"ООО ""ПКФ ""КУБАНЬ-СТАРТ""",1022301215441,failed,2024-12-05,23.0,41.2,10000.0
5032240886,"ООО ""РКД ТЕХНО""",1165032055320,failed,2026-01-29,50.0,46.69,10000.0
7725551054,"ООО ""ДИН ПРОЕКТ""",1057748568734,failed,2026-03-26,77.0,41.20,29850.0
3525356066,"ООО ""НОВОТЕК""",1153525027622,failed,2024-08-24,35.0,41.20,48000000.0
9102193372,"ООО ""ПРОМТОРГ""",1159102114775,failed,2024-05-07,91.0,46.90,10000.0
7719726764,"АО ""БЕНЕКАР""",1097746384955,failed,2025-07-21,77.0,77.11,10000.0
7723812670,"ООО ""РТЛ""",1117746743278,failed,2026-01-22,77.0,49.41.1,100000.0
9703115058,"ООО ""ГЕОТЕХ""",1227700698785,failed,2025-11-25,77.0,70.10,35000.0
4632195190,"ООО ""ПРАВОВОЙ РЕСУРС""",1144632011270,failed,2026-02-22,46.0,69.10,300000.0
7838446043,"ООО ""ПРЕМЬЕР""",1107847214903,failed,2026-02-21,78.0,46.73,2000000.0
6323109567,"ООО ""ВОЛЖСКИЙ ГОРОД""",1086320017960,failed,2025-08-11,63.0,64.19,10000.0
7713273194,"ООО ""СТРОЙ НЭС-АБ""",1027739244390,failed,2026-04-03,68.0,42.11,11500.0
7203490709,"ООО ""АЙРСИСТЕМ-СВ""",1197232025704,failed,2026-04-16,72.0,43.22,10000.0
5025019010,"ООО ""АНКЕРНЫЕ ТЕХНОЛОГИИ-М""",1035004802910,failed,2025-12-12,77.0,42.99,10000.0
9715268309,"ООО ""ВОЛЬТЕГО""",1167746709052,failed,2023-09-28,77.0,46.90,100000.0
7734646143,"ООО ""СЭНСИТ.РУ""",1107746917574,failed,2023-12-10,77.0,47.91.2,10000.0
5047217248,"ООО ""ДОМИНГ ГРУПП""",1185053036772,failed,2024-11-23,50.0,16.10,20000.0
7722467848,"ООО ""МОДУЛЬНЫЕ КОНСТРУКЦИИ""",1187746870630,failed,2025-10-25,50.0,25.11,50000.0
7816256225,"ООО ""СПБ ""РИКС""",1157847113050,failed,2025-02-12,78.0,43.99,15000.0
0254013028,"ООО ""РИАДЕНТ""",1160280107580,failed,2025-04-14,2.0,86.23,14000.0
4217189937,"ООО ""СИБСТАЛЬКОМПЛЕКТ""",1184205013629,failed,2026-02-17,42.0,46.72.2,10000.0
2801255580,"ООО ""АЛЬБАТРОС""",1202800001194,failed,2026-01-25,28.0,46.90,10000.0
3912015916,"ООО ""ТЛК39-600""",1213900000490,failed,2026-02-18,39.0,49.41,10000.0
2466226367,"ООО ""ГАЛЕРЕЯ""",1102468000579,failed,2026-03-16,24.0,47.59,20000.0
7802928678,"ООО ""ТИГР""",1227800101770,failed,2025-12-01,78.0,49.41,12000.0
6658489247,"ООО ""ДОРСТРОЙЭКСПЛУАТАЦИЯ""",1169658081196,failed,2024-11-24,66.0,41.20,10000.0
9723094374,"ООО ""ПРО-ЛИФТ""",1197746681593,failed,2024-01-13,77.0,41.20,10000.0
7707408830,"ООО ""МИДАС""",1187746182634,failed,2023-02-05,77.0,46.72.23,1000000.0
4223062495,"ООО ""УК ЖЭК №16""",1144223000140,failed,2024-05-30,42.0,68.32,10000.0
7529013028,"ООО ""УК ""БОРЗЯНОЧКА""",1177536004800,failed,2024-04-29,75.0,84.11.8,25000.0
7203431407,"ООО ""ТЮМЕНСКАЯ ТРАНСПОРТНАЯ КОМПАНИЯ""",1177232028819,failed,2026-01-17,72.0,41.20,10000.0
0917036953,"ООО ""ТОРГОВЫЙ ДОМ ""МЕРКУРИЙ""",1190917001505,failed,2024-08-01,9.0,11.07.1,10000.0
7203547828,"ООО ""ПРЕМИУМ-А""",1227200020244,failed,2026-02-15,72.0,41.20,10000.0
3808082585,"ООО ""ЭПИЦЕНТР""",1023801010155,failed,2024-07-10,38.0,68.20.2,4000000.0
0278164918,"ООО ""МОНТАЖ""",1090280042930,failed,2025-11-22,2.0,46.18.93,10000.0
2223032641,"ООО ""АЛТПРОМСНАБ""",1022201142920,failed,2023-10-09,22.0,46.90,50000.0
7810452671,"ООО ""ТЕЛЛУР""",1137847333799,failed,2024-04-09,78.0,20.15,40000.0
9726044011,"ООО ""ОМЕСС""",1237700320098,failed,2026-04-04,77.0,46.49.33,10000.0
2311109685,"ООО ""ЭНЕРГОСЕТЬСЕРВИС""",1082311004874,failed,2023-09-24,23.0,42.21,11000.0
7703454025,"ООО ""КОРВЕЛ""",1187746463926,failed,2022-01-13,77.0,43.29,90000.0
7842133773,"ООО ""МЕНТОР КЛИНИК""",1177847155826,failed,2025-05-19,78.0,86.10,10000.0
7725498097,"ООО ""ДЕЛ-МИР""",1187746856439,failed,2024-07-18,77.0,43.12,450000.0
2311194507,"ООО ""КУБАНЬКАПИТАЛСТРОЙ""",1152311010796,failed,2025-12-24,23.0,71.12.2,10000.0
2901297142,"ООО ""АГИ""",1192901005550,failed,2023-08-04,29.0,71.12,10000.0
0816008251,"АО ""ЭНЕРГОСЕРВИС""",1090816001055,failed,2023-10-09,8.0,35.30.14,599895600.0
3528214567,"ООО ""ИНБАП-ЧЕРЕПОВЕЦ""",1143528005587,failed,2022-01-24,35.0,68.20,10000.0
4711002186,"ООО ""ЖКХ-СВИРЬ""",1154711000212,failed,2022-05-23,47.0,68.32,10500.0
9724021971,"ООО ""СТРАТЕГИЯ""",1207700336953,failed,2025-08-11,77.0,43.99,10000.0
7721327862,"ООО ""БТС""",1157746623176,failed,2024-05-27,77.0,43.99,10000.0
9310011263,"ООО ""ЭКСПОПРОМ НД""",1239300016735,failed,2026-02-15,93.0,41.10,50000.0
2543041116,"ООО ""ТЕХРЕЗЕРВ""",1142543001699,failed,2025-11-29,25.0,45.19,11000.0
9703025943,"ООО ""ПРОПС""",1217700038093,failed,2026-03-21,77.0,90.01,10000.0
6685129317,"ООО ""ЮРАЛ ТРЭЙД""",1176658028140,failed,2026-02-05,77.0,45.11,10000.0
5047224911,"ООО ""АВТОСОЮЗ-ФАВОРИТ""",1195081022850,failed,2023-12-18,50.0,49.32,10000.0
7000002434,"ООО ""ЛЕСТРАНСГРУП""",1227000009818,failed,2026-04-05,70.0,49.20,10000.0
5404090834,"ООО ""АВАНГАРД+""",1195476046644,failed,2025-08-02,54.0,46.73.4,1007000.0
1831203259,"АО ""РСК""",1211800016174,failed,2024-01-04,18.0,41.20,215826000.0
1647014605,"ООО ""СВЯЗЬЦЕНТР""",1101687000590,failed,2026-04-21,16.0,49.41,12500.0
7720379314,"ООО ""СТРОЙПРОЕКТ""",1177746418981,failed,2022-08-07,77.0,41.20,10000.0
9729181785,"ООО ""ФОРСАЖ""",5177746308471,failed,2024-11-25,77.0,45.32,100000.0
7731291647,"ООО ""СТАНДАРТ""",1157746826544,failed,2025-10-19,77.0,38.32.5,10000.0
1622010430,"ООО ""ТОПАЗ""",1201600007443,failed,2024-07-21,16.0,41.20,25000.0
6372022037,"ООО ""ЛИГАСЕРВИС""",1146372000301,failed,2024-01-25,63.0,01.62,10000.0
7536155513,"ООО ""РАЗРЯД+""",1157536007430,failed,2025-07-13,75.0,33.14,20000.0
7805734198,"ООО ""ЭК ПРОМЕТЕЙ""",1187847290630,failed,2025-05-27,78.0,46.69.5,20000.0
9718177360,"ООО ""СТРОЙИНВЕСТГРУПП""",1217700371437,failed,2026-04-01,77.0,43.21,10000.0
3834015458,"ООО ""УК ЖКХ НОВОИЛИМСК""",1113847000893,failed,2024-11-24,38.0,35.30,10000.0
3808271695,"ООО ""КОМПОЗИТ ПЛЮС""",1203800009687,failed,2025-06-23,38.0,46.90,100000.0
3804120649,"ООО ""РСО НЕВОН""",1243800006680,failed,2025-12-11,38.0,35.30.14,10000.0
7726736717,"ООО ""ЛДР""",5137746200532,failed,2026-03-06,77.0,45.19,100000.0
7743443164,"ООО СК ""ПАТРИОТ""",1247700190011,failed,2026-02-19,77.0,41.20,10000.0
7817110564,"ООО ""ТК ""СТРОЙГРАД""",1207800135047,failed,2025-10-01,78.0,46.73,50000.0
0707014777,"МУП ""НАТП-2""",1060707015170,failed,2025-02-02,7.0,49.31,100000.0
7811205259,"ООО ""АЛЛЕС РАЗВИТИЕ""",1157847195032,failed,2025-08-30,78.0,46.90,30000.0
4312154620,"ООО ""ВОСТОК""",1184350007973,failed,2023-12-04,18.0,35.12,10000.0
5401968648,"ООО ""ТРАНСИНВЕСТ""",1165476196160,failed,2025-09-26,54.0,49.41,25000.0
7701017083,"ООО ""ПОЛЮС ИНК.""",1027739096879,failed,2024-11-25,77.0,46.38,55282000.0
7703709450,"ООО ""ЭСКО СВЕТ""",1097746673914,failed,2025-03-13,77.0,46.47.2,4310000.0
2130220000,"ООО ""ЭНЕРГИЯ""",1202100005910,failed,2023-07-06,21.0,42.11,15000.0
5003106910,"ООО ""ТЕЛЕФОН""",1135003004839,failed,2026-04-10,77.0,46.43,500000.0
5051320086,"ООО ""УКМ СИНТЕЗ""",1095074002517,failed,2025-07-27,77.0,72.19,10000.0
1841031619,"ООО ""УРАЛ-ТРАНС""",1131841001269,failed,2026-04-16,18.0,49.41,10000.0
2130201544,"ООО ""ПРОЕКТ-ХОЛДИНГ""",1182130006112,failed,2025-09-01,21.0,71.11,11000.0
2466226705,"ООО ""ИНГЕО""",1102468002867,failed,2024-12-16,24.0,42.22.1,10000.0
5032291619,"ООО ""ПРОТЕЗНАЯ КОМПАНИЯ""",1175024031467,failed,2023-12-02,50.0,86.22,20000.0
1674000721,"ООО ""НЧКЗ""",1221600000555,failed,2026-01-31,16.0,28.22,6230000.0
7707789600,"ООО ""РЛД""",1127747136021,failed,2023-12-17,77.0,46.90,1000000.0
5040174676,"ООО ""ВЕЛЕС""",1215000084221,failed,2026-03-24,50.0,41.20,10000.0
7726471355,"ООО ""НЕМБУС""",1207700464718,failed,2026-03-26,77.0,70.22,100000.0
3662166250,"ООО ""ИКОДОМОССТРОЙ""",1113668026735,failed,2022-08-28,36.0,41.20,100000.0
1215224884,"ООО ""ЕВРОЦВЕТ""",1181215004464,failed,2026-04-08,12.0,46.90,10000.0
4217142657,"ООО ""КАРБО-ТРЕЙД""",1124217002326,failed,2025-05-29,78.0,46.12.1,300000.0
6234177678,"ООО ""ПЕРСПЕКТИВА""",1186234008069,failed,2024-09-23,62.0,41.20,10000.0
5262372823,"ООО ""НКР""",1205200030617,failed,2025-07-23,52.0,41.20,30000.0
3909024090,"МУПЖКХ ""НОВОКОЛХОЗНОЕ""",1023901956495,failed,2022-04-01,39.0,68.32.1,106470.0
9715306970,"ООО ""МСБ""",5177746031062,failed,2023-08-28,77.0,23.63,20000.0
3662254651,"ООО ""ДУБРАВА""",1173668050709,failed,2025-11-08,47.0,01.47,10000.0
7743892258,"ООО ""НАМ""",1137746521098,failed,2025-12-19,77.0,47.72,100000000.0
0917028247,"ООО ""ЛОГРО""",1150917001927,failed,2026-03-07,9.0,14.19,10000.0
2540110266,"ООО ""ПРИМПОРТСЕРВИС""",1052504358719,failed,2024-10-06,25.0,50.20,20000.0
0257009598,"ООО ""ТЕХ-ПРОГРЕСС""",1120257000126,failed,2023-08-04,89.0,41.20,20000.0
2511089796,"ООО ""АЛЬКАСАРВОСТОК""",1142511003370,failed,2022-07-11,25.0,46.21,10000.0
7327084675,"ООО ""ТД ""РИЧ""",1177325018683,failed,2025-11-27,73.0,46.38.1,10000.0
7327050940,"ООО ""УПРАВЛЯЮЩАЯ КОМПАНИЯ ""ПАРК""",1097327001507,failed,2026-01-22,73.0,68.32.1,10000.0
2335062740,"ООО ""НЕФТЕБАЗА СЕЛЬСКОХОЗЯЙСТВЕННЫХ ПРЕДПРИЯТИЙ""",1042319695736,failed,2026-01-29,23.0,52.10.21,20000.0
0816035209,"ООО ""СТРОЙ ЮГ""",1170816001290,failed,2026-02-22,8.0,41.20,11000.0
5401358385,"ООО ""ТЭК ТРАНСИНВЕСТ""",1125476091751,failed,2025-05-29,54.0,49.4,10000.0
2804009663,"ООО ""СИРИУС-М""",1022800710680,failed,2025-03-22,28.0,43.21,10000.0
5404020643,"ООО ""КРОКМАРТ-ПРОИЗВОДСТВО""",1155476106917,failed,2026-04-23,54.0,13.92,10000.0
5022041747,"ООО ""ФАВОРИТ ПАРК""",1135022001553,failed,2024-09-25,50.0,68.20.2,10000.0
0539003587,"СХПК ""ЧАРОДА""",1030500814618,failed,2025-11-03,5.0,01.45.1,
7802933780,"ООО ""ОЛЕКСАНДРИНА""",1227800159740,failed,2025-08-18,78.0,47.73,12000.0
0105071792,"ООО ""АЭРОПОРТ С""",1140105000881,survived,,1.0,41.20,10000.0
0212007230,"ООО СП ""ЕЛБУЛАК""",1180280055559,survived,,2.0,01.50,10000.0
0245011715,"ООО ""АВДОНСКОЕ""",1020201302483,survived,,2.0,47.11.2,500025.0
0247004368,"ООО ""ТЕПЛОЭНЕРГО""",1060247002595,survived,,2.0,55.10,10000.0
0258006141,"АО ""БССЗ""",1020201699650,survived,,2.0,25.94,
0264022014,"ООО ""УРАЛАГРО""",1030203262451,survived,,2.0,68.20,12500.0
0264063162,"ООО ""ТРАНССЕРВИС""",1110264002860,survived,,2.0,46.71.2,10000.0
0268038463,"ООО ""ЕВРОТРАНС""",1050203459514,survived,,2.0,45.32,20000.0
0272019150,"ООО ""ФРЕОН""",1110280000016,survived,,2.0,42.21,14500.0
0274167428,"ООО ""ПАРК-СИТИ УРАЛ""",1120280027680,survived,,2.0,55.1,100200401.0
0274934034,"ООО ""ТАБИГАТ""",1180280003177,survived,,2.0,68.32.2,265278000.0
0276107304,"ООО ""СТРОЙСТАНДАРТ""",1070276001817,survived,,2.0,42.11,30000.0
0278184520,"ООО СМУ ""НЕФТЬМОНТАЖ""",1110280062529,survived,,2.0,41.20,12000.0
0572015477,"ООО СК ""АРТ ОНИС""",1160571062772,survived,,5.0,41.20,12000.0
0716004729,"ООО ""КАПИТАЛ-ИНВЕСТ""",1060716006273,survived,,7.0,23.62,1456380241.0
0716007102,"ООО ""КАПИТАЛСПЕЦТРАНС""",1080716000562,survived,,7.0,49.4,59200689.0
0721056793,"ООО ""СТРОЙ КОМ""",1080721001657,survived,,7.0,41.2,10000.0
0912000329,"ОАО ПЛЕМРЕПРОДУКТОР ""ЗЕЛЕНЧУКСКИЙ""",1050900813842,survived,,9.0,68.20.1,759000.0
0917011300,"ООО ""МЕРКУРИЙ-АВТО""",1080917002968,survived,,9.0,49.4,10000.0
1001283473,"ООО ""КОЛОС-ЛЕС""",1141001005310,survived,,10.0,46.73,40000.0
1003103126,"ООО ""ТОРГОВЫЙ ДОМ ""КАРЕЛЬСКИЙ ГРАНИТ""",1091039000238,survived,,10.0,46.73.6,60299024.0
1102054582,"ООО ""НЕФТЕГАЗОБОРУДОВАНИЕ""",1071102001024,survived,,11.0,,
1103015875,"ООО ""ВИС""",1021100808574,survived,,11.0,68.20.2,10000.0
1103044837,"ООО ""УК""",1171101006471,survived,,11.0,68.32,10000.0
1103044869,"ООО ""УК АВАНГАРД""",1171101006900,survived,,11.0,68.32.1,10000.0
1103044876,"ООО ""УК КОМФОРТ""",1171101006911,survived,,11.0,68.32.1,10000.0
1103045767,"ООО УО ""ТИМАН"" ГОРОДА ВОРКУТЫ",1191121005250,survived,,11.0,68.32.1,10000.0
1215142198,"ООО ""ВЕКТОР""",1091215004638,survived,,12.0,41.2,80382000.0
1319001480,"ООО  АГРОФИРМА ""ИШЕЙКИ""",1111314000456,survived,,13.0,01.25.1,100000.0
1326208140,"ООО СЗ ""СМУ-33""",1081326003780,survived,,13.0,41.20,10010000.0
1435009473,"АО ""СУ-888""",1021401062660,survived,,14.0,42.11,680000.0
1435142965,"ООО ""ЯРП""",1031402072965,survived,,14.0,50.40,500000.0
1504020858,"САДОВОДЧЕСКОЕ НЕКОММЕРЧЕСКОЕ ОБЬЕДИНЕНИЕ ""МЕТАЛЛУРГ""",1021500512549,survived,,15.0,68.32.2,
1513054028,"ООО ""ИЦ""",1151513001848,survived,,15.0,68.32.1,10000.0
1616018590,"ООО ""ОСКОМ""",1081690041773,survived,,16.0,77.3,112010000.0
1623012510,"ООО ""СТРОЙ-ГАРАНТ""",1141675000070,survived,,16.0,41.20,10000.0
1639021831,"ЗАО ""НТЕК""",1031605001999,survived,,16.0,28.22,13000.0
1645018805,"ООО ""НТО ""РАЗРАБОТКА""",1051608010541,survived,,16.0,72.1,10000.0
1650265895,"АО ""ЭЛЕКТРОСПЕЦМОНТАЖ""",1131650010656,survived,,16.0,43.21,200000.0
1655271243,"ООО ""РЕСТАВРАТОР""",1131690040041,survived,,16.0,41.20,13200.0
1655307651,"ООО ""ККН +""",1141690095700,survived,,16.0,14.12,10000.0
1659163866,"ООО ""РИЕЛТ""",1151690090815,survived,,16.0,45.11.2,30000.0
1660259393,"ООО ""ТД ""БИЛДИНГ ГРУПП""",1151690107150,survived,,16.0,46.73.6,10000.0
1660275540,"ООО ""АСК ""НОВЫЙ ДОМ""",1161690122912,survived,,16.0,41.20,20000.0
1661005257,"ООО ""ЭСТЕЛЬ""",1021603883179,survived,,16.0,25.11,10000.0
1828021097,"ООО ""ВОТКИНСКАЯ СТРОИТЕЛЬНАЯ КОМПАНИЯ""",1111828002054,survived,,18.0,41.20,10000.0
1840005542,"АО ""ИЖМЕТМАШ""",1111840016958,survived,,18.0,25.62,10000.0
1901059812,"ООО ЖЭУК ""ЖИЛЬЕ 2003""",1031900527834,survived,,19.0,68.32.1,15000.0
1901076871,"ООО ""АСК""",1071901000148,survived,,19.0,,10000.0
1901119821,"ООО ""УК САЯНСТРОЙ""",1141901002748,survived,,19.0,41.20,13500.0
1901128400,"ООО ""АС КРЕЧЕТ""",1151901005739,survived,,19.0,07.29.41,66667.0
2130096931,"ООО ""ПРОМАЛЬЯНС""",1112130016107,survived,,21.0,46.6,50000.0
2201007786,"ООО ""ЖИЛИЩНОЕ УПРАВЛЕНИЕ""",1082201000100,survived,,22.0,68.32.1,10000.0
2223020565,"АО ""АЛЮМА""",1022201393752,survived,,22.0,68.20.2,1144.0
2223029977,"ООО ""ЭДМОНД""",1022201381091,survived,,22.0,42.11,20000.0
2224166711,"ООО ПСК ""ИНДУСТРИЯ""",1142224002502,survived,,22.0,42.11,10000.0
2225152380,"ООО ""ФАБРИКА""",1142225012511,survived,,22.0,10.82.2,10000.0
2235007537,"АО ""ПТИЦЕФАБРИКА БЛАГОВЕЩЕНСКАЯ""",1062235003896,survived,,22.0,01.47,14130000.0
2308082384,"ООО ""НОВЕР""",1022301218829,survived,,23.0,70.22,
2311123658,"ООО ""ОЗОН-К""",1102311001517,survived,,23.0,25.11,10000.0
2312096372,"ООО ""ФАРМА ЮГ""",1022301978566,survived,,23.0,46.46,10000.0
2315150772,"ООО ""КУБАНЬЖИЛСТРОЙ""",1092315000392,survived,,23.0,41.2,1000000.0
2317071276,"ООО ""ЖК ""КУРОРТНЫЙ""",1132367007596,survived,,23.0,41.20,10000.0
2321014577,"ООО  ""ГАРАНТ""",1052312517751,survived,,23.0,45.20.2,12000.0
2328011046,"ООО ""НАТ""",1042315823175,survived,,23.0,01.4,3420000.0
2329020710,"ООО ""ХЛЕБОЗАВОД ""ГУЛЬКЕВИЧСКИЙ""",1062329006629,survived,,23.0,10.71,2948727.0
2415006275,"ООО УК ""ИЛАНСКИЙ""",1172468051678,survived,,24.0,68.32.1,10000.0
2450030231,"ООО ""КВАДРАТ""",1142450000032,survived,,24.0,36.00,10000.0
2460209132,"ООО ""ВЕКТОР-М""",1082468032503,survived,,24.0,02.20,10000.0
2461224711,"ООО ""ВЕКТОР""",1132468070679,survived,,24.0,46.73.1,40000.0
2463231224,"ООО ""СОЮЗЭЛЕКТРОПЛЮС""",1112468054962,survived,,24.0,27.12,10000.0
2466160282,"ООО ПКФ ""НОРМАНН""",1152468012399,survived,,24.0,41.20,10000.0
2466252462,"ООО ""ТРАНСФЕРЭНЕРГО""",1122468035040,survived,,24.0,35.1,20000.0
2508097780,"ООО ""БРК-50""",1112508006302,survived,,25.0,23.63,20000.0
2623027124,"ООО ""ТАНДЕМ К""",1162651060351,survived,,26.0,,
2631801670,"ОАО ""ДЭП № 164""",1112651029556,survived,,26.0,52.21.22,81273600.0
2632049117,"ООО ""ИНЖЕНЕРИНГ""",1022601614771,survived,,26.0,41.2,13480.0
2636033975,"ООО ""СТАВНЕФТЬ""",1022601936060,survived,,26.0,46.71,39204.0
2718001452,"МУП ""ЖКХ-ВОСХОД""",1152720001070,survived,,27.0,35.30.14,130410.0
2721070706,"ООО ""МАРКИЗ""",1022701293097,survived,,27.0,10.71,16800.0
2722128677,"ООО ""ССТ""",1192724018300,survived,,27.0,,
2724076600,"ООО ""ТД ""СТРОЙДЕТАЛЬ""",1042700248128,survived,,27.0,68.20,10000.0
2725030542,"ООО ""ГОРСПЕЦСТРОЙ - УСПЕХ""",1032700579504,survived,,27.0,41.20,20000.0
2801221100,"ООО ""ААС""",1162801056769,survived,,28.0,42.11,10000.0
2902061213,"ООО  ""АЛЬТАИР""",1092902000421,survived,,29.0,68.20,101000.0
3008000978,"КПЗК ""ПРИВОЛЖСКИЙ""",1033000801371,survived,,30.0,01.45.1,10000.0
3017066051,"ООО УК ""ДОМ""",1113017001085,survived,,30.0,68.32.2,10000.0
3019025491,"ООО ""ВЕКТОР ББ""",1183025007604,survived,,30.0,68.10.1,10000.0
3123328069,"ООО ""НОВЫЙ КВАРТАЛ""",1133123016608,survived,,31.0,68.10.1,31700.0
3128113300,"ООО ЗАВОД ""ПРЕМИУМКИРПИЧ-АСК""",1163123063762,survived,,31.0,77.39.11,500000.0
3207009929,"ООО ПКФ ""ЯНТАРЬ-2""",1023202142314,survived,,32.0,68.20.2,10000.0
3245016691,"ООО ""РУСТЕХНО""",1193256005690,survived,,32.0,10.91.3,60000000.0
3306010957,"ООО ""АДМ""",1073326000098,survived,,33.0,49.31.2,5000000.0
3327827838,"ООО ""ТЕХСТРОЙСЕРВИС""",1063327015201,survived,,33.0,41.2,11000.0
3403015132,"ООО ""С-З ""КАРПОВСКИЙ""",1023405367700,survived,,34.0,01.13,10000.0
3442043870,"ООО ""РБТ""",1023402638346,survived,,34.0,46.69,20000.0
3442117699,"АО ""ВМЗ КО""",1113459005175,survived,,34.0,68.20.29,734990467.0
3443009294,"ОАО ""ВАПДС""",1023402980512,survived,,34.0,42.11,39200.0
3444213937,"ООО ""АЛЬЯНС-М"" П МПО ""ГА""",1143443011502,survived,,34.0,43.39,12000.0
3445901710,"ОАО ""МОЛОЧНЫЙ ЗАВОД ""ВОЛГОГРАДСКИЙ""",1033400470454,survived,,34.0,10.51.1,
3455051540,"ООО ""ПБВ""",1153443028782,survived,,34.0,46.90,12500.0
3455054284,"ООО ""ПСК ПРОНТО""",1193443005436,survived,,34.0,41.20,10000.0
3525249040,"ООО ""КЛАКСОН""",1103525015329,survived,,35.0,49.32,10000.0
3527018390,"ООО ""УСТЬЕЛЕС""",1123537000333,survived,,35.0,16.21.11,10910.0
3601011147,"ООО ""ДСПМК""",1153668042230,survived,,36.0,,
3663070456,"ООО ""СТРОЙ-ГРАНИТ""",1083668004496,survived,,36.0,41.20,10000.0
3663095891,"ООО ""ВИНЕГРЕТ ПЛЮС""",1133668004249,survived,,36.0,47.21,24970000.0
3666156493,"ООО ""ПРОМАВТОРЕМОНТ""",1083668054128,survived,,36.0,25.11,35714.0
3702546808,"ООО ""ИНВЕСТ-ЮР-СЕРВИС""",1083702002350,survived,,37.0,69,30000.0
3702640342,"ООО ""ШФМ""",1113702004767,survived,,37.0,13.92,10000.0
3804010477,"ООО ""СИБА""",1103804000520,survived,,38.0,43.2,510000.0
3808207844,"ООО ""АС-БАЙКАЛ ТВ""",1093850008262,survived,,38.0,60.10,10000.0
3811051107,"ООО  ГП  ""СИБИРЬГЕОЛОГИЯ""",1023801546163,survived,,38.0,71.12.3,15000000.0
3811142548,"ООО ""ИНГС""",1103850026686,survived,,38.0,,
3812149592,"ООО ФСК ""СПЕЦСТРОЙ ИРКУТСК""",1133850028070,survived,,38.0,41.20,10000.0
3837004920,"ООО ""БРПМ""",1083848000390,survived,,38.0,33.12,20000.0
3903008912,"ООО ""РОМБ""",1023901649573,survived,,39.0,69.20,10000.0
3904092628,"ООО ""КЁНИГИНВЕСТ""",1073905026293,survived,,39.0,41.2,40000.0
3906163240,"ООО ""БАЛТПРОМСТРОЙ""",1063906150384,survived,,39.0,,
3906965250,"ООО ""ЭКСПЕРТ""",1153926020753,survived,,39.0,71.11.1,10000.0
3907037706,"ООО ""ОРГСИНТЕЗ""",1043902803020,survived,,39.0,23.99.6,10000.0
3909026178,"ООО ""БАЛТАГРОСЕРВИС""",1023901956803,survived,,39.0,46.75.1,10000.0
3912503092,"ООО ""СПЕЦСТРОЙ""",1123926050005,survived,,39.0,23.61,10000.0
3917006785,"СНТ КСВМК ""ДЕЛЬФИН""",1033917003614,survived,,39.0,68.32.2,
4025043765,"АО ""МСУ-35 ПРОМЭЛЕКТРОМОНТАЖ""",1024000943383,survived,,40.0,68.10,
4025421583,"АНОПО ""АВТОШКОЛА ""АЛИСА""",1094000000126,survived,,40.0,85.42,
4028069627,"ООО ""КДСК-ГРУПП""",1194027012772,survived,,40.0,42.11,100000.0
4029048997,"ООО ""КЗПМ""",1134029001270,survived,,40.0,46.69,10000.0
4101142425,"ООО УК ""ВОСТОК-1""",1114101000155,survived,,41.0,68.32,10000.0
4101144912,"ООО ""БИЗНЕСРЕСУРС""",1114101002817,survived,,41.0,74.20,10000.0
4101178407,"ООО ""НАДЕЖНОЕ УПРАВЛЕНИЕ""",1174101010270,survived,,41.0,68.32,20000.0
4102007570,"ООО ""МАСТЕР""",1024101227358,survived,,41.0,41.2,45450.0
4223715803,"ООО ""СИБАВТОТРАНС""",1114223000297,survived,,42.0,49.4,10000.0
4246005334,"ЗАО ""«Яяглавсбыт""",1054246018342,survived,,42.0,14.19.32,1000000.0
5009063893,"ЗАО ""ДОМОДЕДОВО МЕТАЛЛ ЦЕНТР""",1085009002825,survived,,50.0,46.72,100000.0
5018141570,"ООО ""РНТ КОМПАНИ""",1095018009118,survived,,50.0,46.75,24412.0
5047089839,"ООО ""СТАНДАРТ""",1075047014679,survived,,50.0,70.22,10000.0
5259079663,"ООО ""ФОРУМ""",1085259008273,survived,,52.0,45.31.1,10000.0
5321094627,"ТСЖ ""СОЮЗ""",1035300301156,survived,,53.0,68.32.1,
5403050300,"ООО ""ГК ШЕБА""",1195476038933,survived,,54.0,46.13,20000.0
5405376353,"ООО ""РК ИНВЕСТ""",1085405017598,survived,,54.0,46.69.1,200000.0
5405988035,"ООО ""БЕРВИТ""",1165476186391,survived,,54.0,46.90,200000.0
5406791641,"ООО ""ИНВЕСТАГРОТРЕЙД""",1145476125300,survived,,54.0,46.75.1,210000.0
5440100982,"СХПК ""МИЛЬТЮШИХИНСКИЙ""",1025405429169,survived,,54.0,01.62,
5504235850,"ООО ""СТРОЙОПТ""",1125543058926,survived,,55.0,46.73,20000.0
6102023270,"ООО ""ЮНИПАК РОСТОВ""",1066102028299,survived,,61.0,18.12,100000000.0
6154034586,"ООО ""УО ""ЦЕНТРАЛЬНАЯ""",1126154000720,survived,,61.0,68.32,10000.0
6154565925,"ООО ""ЮГПРОММЕТИЗ""",1106154001920,survived,,61.0,25.61,10000.0
6165214541,"ООО ""СТРОЙ-СТАНДАРТ""",1186196029909,survived,,61.0,81.21,500000.0
6315631628,"ООО ""МЕДФАРМ""",1106315002144,survived,,63.0,,
6317088358,"ООО ""СТРОИТЕЛЬ-МЕТАЛЛИСТ ИНВЕСТ""",1116317006024,survived,,63.0,41.2,40000.0
6449019985,ЖСК - 12,1036404901610,survived,,64.0,,
6453081440,"ТСЖ ""СОЮЗ""",1056405314261,survived,,64.0,,
6649003478,"ООО ""ПТО СМК""",1026601072849,survived,,66.0,46.69.3,50000.0
6658395790,"ООО ""ИННОВАЦИИ""",1116658021897,survived,,66.0,85.42.9,10000.0
6659180518,"ООО ""Вторметалл""",1086659015959,survived,,66.0,,
6829046551,"АО ""КОРПОРАЦИЯ РАЗВИТИЯ ТАМБОВСКОЙ ОБЛАСТИ""",1086829006351,survived,,68.0,68.20.29,368514800.0
6915004675,"ООО ""ТЦ БЕРКУТ""",1026901915523,survived,,69.0,60.10,21850.0
7203350652,"ООО ""АССТРОЙ72""",1157232027061,survived,,72.0,41.20,10000.0
7204116609,"ООО ""ЭНЕРГИЯ-М""",1077203055599,survived,,72.0,41.20,10000.0
7404067660,"АО ""ЗЛАТХЛЕБ""",1167456103605,survived,,74.0,10.71,10000.0
7453240236,"ООО ""ГАРАНТИЯ ДВИЖЕНИЯ""",1127453002203,survived,,74.0,72.1,10000.0
7536146131,"ООО ""ПГС""",1147536006331,survived,,75.0,41.20,388500.0
7702200042,"ООО ""КОМПАНИЯ ""РУССКОЕ ДЕЛО""",1037700033183,survived,,77.0,56.10.1,8400.0
7702763976,"ООО ""НОРД""",1117746450227,survived,,77.0,41.10,10000.0
7706236459,"ООО ""ИНВЕСТСТРОЙ-ХХ1 ВЕК""",1027739113005,survived,,77.0,41.20,10000.0
7706743410,"ООО ""АРМСТРОЙ-РЕГИОН""",1107746745150,survived,,77.0,42.11,540000.0
7708326429,"ООО ""МАТЮШКИНСКИЙ УЧАСТОК""",1177746966220,survived,,77.0,06.10.1,10000.0
7709508654,"АО КОМПАНИЯ ""АЛЬКОР""",1037739897029,survived,,77.0,64.99,10000.0
7710706139,"ООО ""ЛАЗУРНЫЙ БЕРЕГ""",1087746179036,survived,,77.0,41.20,125000.0
7715408665,"ООО ""ФОРТИССИМО ФИНАНС""",1157746073517,survived,,77.0,68.20,15000.0
7721377221,"ООО ""ГЛАВДОСТАВКА-МСП""",5157746055198,survived,,77.0,52.29,10000.0
7722837094,"ООО ""ИБФ""",1147746235010,survived,,77.0,46.46,10000.0
7724105272,"ООО ""РЕЛЕНА 2000""",1027700225970,survived,,77.0,68.32,10000.0
7727243930,"ООО ""ПДТРЦ ""КЭЛЛИ""",1037727015061,survived,,77.0,47.77.1,20000.0
7730707846,"ООО ""ОПТИМА ПРОПЕРТИ МЕНЕДЖМЕНТ""",1147746634640,survived,,77.0,81.22,138510000.0
7733159323,"ООО ""БОГЕМА""",1037733010149,survived,,77.0,47.79.1,10000.0
7743944040,"ООО ""НЕФТЕГАЗОВЫЕ ТЕХНОЛОГИИ""",5147746255003,survived,,77.0,20.13,25000.0
7811383639,"АО ""РАОПРОЕКТ""",1077847575794,survived,,78.0,71.11.1,1210000.0
7813264676,"ООО ""АДАМЕДИКА""",1167847435172,survived,,78.0,46.46.1,10000.0
7817067284,"ООО ""ТД ""СВЕЛЕН""",1177847067100,survived,,78.0,46.72,10000.0
8602209942,"ООО ""ЮТА""",1148602000040,survived,,86.0,77.39.11,96226.0
9717071756,"ООО ""ЯРОСЛАВНА""",1187746849564,survived,,97.0,68.20,564033.0
9718133388,"ООО ""НЦТ""",1197746218064,survived,,97.0,,
1103007560,"КУМИ АДМИНИСТРАЦИИ МО ""ВОРКУТА""",1131103000214,survived,,11.0,84.11.35,
7707083893,ПАО СБЕРБАНК,1027700132195,survived,,77.0,64.19,67760844000.0
0275038496,"ООО ""ЭСКБ""",1020202770642,survived,,2.0,35.14,50870000.0
7708503727,"ОАО ""РЖД""",1037739877295,survived,,77.0,49.20.9,3448265003000.0
6315376946,"ПАО ""Т ПЛЮС""",1056315070350,survived,,50.0,35.30.11,44467039514.0
3445071523,"ПАО ""ВОЛГОГРАДЭНЕРГОСБЫТ""",1053444090028,survived,,34.0,35.14,48011411.0
2632082033,"ПАО ""РОССЕТИ СЕВЕРНЫЙ КАВКАЗ""",1062632029778,survived,,26.0,35.12.1,2093354170.0
2460069527,"ПАО ""РОССЕТИ СИБИРЬ""",1052460054327,survived,,24.0,35.12.1,9988619381.0
9102002878,"ГУП РК ""КРЫМЭНЕРГО""",1149102003423,survived,,91.0,35.13,3704367179.0
5612042824,"АО ""ЭНЕРГОСБЫТ ПЛЮС""",1055612021981,survived,,50.0,35.14,66907270.0
3445045202,"ООО ""ГАЗПРОМ МЕЖРЕГИОНГАЗ ВОЛГОГРАД""",1023403844441,survived,,34.0,35.23,
4100000668,"ПАО ""КАМЧАТСКЭНЕРГО""",1024101024078,survived,,41.0,35.11.1,5847747191.0
2308119595,"ПАО ""ТНС ЭНЕРГО КУБАНЬ""",1062309019794,survived,,23.0,35.14,10006886.0
7707049388,"ПАО ""РОСТЕЛЕКОМ""",1027700198767,survived,,78.0,61.10.3,8731407.0
2128700232,"АО ""ЧУВАШСКАЯ ЭНЕРГОСБЫТОВАЯ КОМПАНИЯ""",1052128000033,survived,,21.0,35.14,36996417.0
1101301856,"АО ""КОМИ ЭНЕРГОСБЫТОВАЯ КОМПАНИЯ""",1061101039779,survived,,11.0,35.14,109871288.0
7707329152,ФНС РОССИИ,1047707030513,survived,,77.0,84.11.11,
2723088770,"ПАО ""ДЭК""",1072721001660,survived,,25.0,35.14,17223107804.0
3908600865,"АО ""ЯНТАРЬЭНЕРГОСБЫТ""",1083925011422,survived,,39.0,35.14,43000000.0
6661089658,МИНПРИРОДЫ СО,1026605251287,survived,,66.0,84.11.21,
1103006077,"ООО ""КОМИТЕПЛОЭНЕРГО""",1121103001062,survived,,11.0,35.30.14,5862209034.0
2466132221,"ПАО ""КРАСНОЯРСКЭНЕРГОСБЫТ""",1052460078692,survived,,24.0,35.14,15300658.0
1001012875,"АО ""ТНС ЭНЕРГО КАРЕЛИЯ""",1051000000050,survived,,10.0,35.14,6436079.0
7736520080,"АО ""МОСЭНЕРГОСБЫТ""",1057746557329,survived,,77.0,35.14,383004818.0
7705031674,ДЕПАРТАМЕНТ ГОРОДСКОГО ИМУЩЕСТВА ГОРОДА МОСКВЫ,1037739510423,survived,,77.0,84.11.21,
7704228075,"АО ""РОСАТОМ ЭНЕРГОСБЫТ""",1027700050278,survived,,77.0,35.14,3720000000.0
0277072661,"ООО ""БАШРТС""",1050204518396,survived,,2.0,35.30.3,4705343047.0
5260200603,"ПАО ""РОССЕТИ ЦЕНТР И ПРИВОЛЖЬЕ""",1075260020043,survived,,52.0,35.12.1,11269781704.0
7802312751,"ПАО ""РОССЕТИ СЕВЕРО-ЗАПАД""",1047855175785,survived,,78.0,35.12.1,9578592313.0
2308113667,ДНСС КК,1052303716772,survived,,23.0,84.11.21,
1103023523,"АДМИНИСТРАЦИЯ МУНИЦИПАЛЬНОГО ОКРУГА ""ВОРКУТА""",1021100807716,survived,,11.0,84.11.35,
7453313477,"ООО ""УРАЛЭНЕРГОСБЫТ""",1177456069548,survived,,74.0,35.14,2000000.0
7606053324,"ПАО ""ТГК-2""",1057601091151,survived,,76.0,35.30.11,14749053844.0
3328415442,"ООО ""ГАЗПРОМ МЕЖРЕГИОНГАЗ ВЛАДИМИР""",1023301456903,survived,,33.0,35.23,10000.0
7725114488,"АО ""РОССЕЛЬХОЗБАНК""",1027700342890,survived,,77.0,64.19,526044000000.0
0276130085,УЗИО Г. УФЫ,1100280045546,survived,,2.0,84.11.36,
7105037307,"АО ""ТНС ЭНЕРГО ТУЛА""",1067105008376,survived,,71.0,35.14,5010000.0
5041001281,КУМИ АДМИНИСТРАЦИИ Г. РЕУТОВ,1035008251453,survived,,50.0,84.11.32,
7604193710,"ООО ""ТГК-2 ЭНЕРГОСБЫТ""",1107604019962,survived,,29.0,35.14,100000.0
2901065991,АДМИНИСТРАЦИЯ ГОРОДА АРХАНГЕЛЬСКА,1022900509521,survived,,29.0,84.11.35,
2308091759,"АО ""НЭСК""",1032304155102,survived,,23.0,35.14,4070260.0
7704440018,"ООО ""ЭСВ""",1177746828225,survived,,33.0,35.14,250000000.0
7536066430,"АО ""ЧИТАЭНЕРГОСБЫТ""",1057536132323,survived,,75.0,35.14,20621415.0
0275000238,"ГУП РБ ""УФАВОДОКАНАЛ""",1020202856112,survived,,2.0,36.00.1,1507894342.0
7720518494,"ПАО ""МОЭК""",1047796974092,survived,,77.0,35.30.3,25627131700.0
3808166404,"ООО ""ИРКУТСКЭНЕРГОСБЫТ""",1073808009659,survived,,38.0,35.14,644000000.0
2466010657,ДЕПАРТАМЕНТ ГОРИМУЩЕСТВА,1032402940800,survived,,24.0,84.11.35,
6450014808,"ПАО ""САРАТОВЭНЕРГО""",1026402199636,survived,,64.0,35.14,128856327.0
1502002701,"АО ""СЕВКАВКАЗЭНЕРГО""",1021500580090,survived,,15.0,68.20.29,50386300.0
1901067718,"АО ""ЕНИСЕЙСКАЯ ТГК (ТГК-13)""",1051901068020,survived,,24.0,35.11.1,2169114613.0
7744000912,"ПАО ""БАНК ПСБ""",1027739019142,survived,,76.0,64.19,317887499355.0
3460019060,"ООО ""КОНЦЕССИИ ВОДОСНАБЖЕНИЯ""",1143443032468,survived,,34.0,36.00.1,58010000.0
1101482360,"КУМИ АДМИНИСТРАЦИИ МО ГО ""СЫКТЫВКАР""",1021100519021,survived,,11.0,84.11.35,
7701090559,ФКР МОСКВЫ,1157700003230,survived,,77.0,64.99,
1434031363,"АО ""ДГК""",1051401746769,survived,,27.0,35.11.1,86160380972.0
6901093516,"ООО ""ТВЕРЬ ВОДОКАНАЛ""",1056900217989,survived,,69.0,36.00.1,100000.0
7729314745,"ФГБУ ""ЦЖКУ"" МИНОБОРОНЫ РОССИИ",1027700430889,survived,,77.0,84.22,
1901037777,"МУП ""ВОДОКАНАЛ""",1021900519255,survived,,19.0,36.00.2,20000000.0
0278218377,ГОСКОМИТЕТ РБ ПО ЖИЛИЩНОМУ И СТРОИТЕЛЬНОМУ НАДЗОРУ,1140280411600,survived,,2.0,84.11.21,
2128017682,"ГУП ""ЧУВАШГАЗ"" МИНСТРОЯ ЧУВАШИИ",1032128003720,survived,,21.0,35.30.14,2496081884.0
2635040105,"ГУП СК ""СТАВРОПОЛЬКРАЙВОДОКАНАЛ""",1022601934630,survived,,26.0,36.00.2,1640535245.0
2315155403,"МКУ ""СПП"" АДМИНИСТРАЦИИ МО ГОРОД НОВОРОССИЙСК",1092315004990,survived,,23.0,68.32.2,
7705042179,"СПАО ""ИНГОССТРАХ""",1027739362474,survived,,77.0,65.12.2,27500000000.0
6905062685,"ООО ""ГАЗПРОМ МЕЖРЕГИОНГАЗ ТВЕРЬ""",1026900536101,survived,,69.0,35.23,
7713793524,"ООО ""ПКО ""ФЕНИКС""",1147746920144,survived,,77.0,82.91,33250000.0
3441027202,МЕЖРАЙОННАЯ ИФНС РОССИИ №2 ПО ВОЛГОГРАДСКОЙ ОБЛАСТИ,1043400221149,survived,,34.0,84.11.4,
7709413138,"АО ""ВЭБ-ЛИЗИНГ""",1037709024781,survived,,77.0,64.91.2,166748071.0
8602173527,"ООО ""ГАЗПРОМ ЭНЕРГОСБЫТ БРЯНСК""",1108602007557,survived,,86.0,35.14,136261449.0
7703363868,ОСФР ПО Г. МОСКВЕ И МОСКОВСКОЙ ОБЛАСТИ,1027703026075,survived,,77.0,84.30,
1826000408,"МУП Г.ИЖЕВСКА ""ИЖВОДОКАНАЛ""",1021801583121,survived,,18.0,36.00.2,178922783.0
0278055355,ОСФР ПО РЕСПУБЛИКЕ БАШКОРТОСТАН,1020203227263,survived,,2.0,84.30,
5834019424,"ООО ""ГАЗПРОМ МЕЖРЕГИОНГАЗ ПЕНЗА""",1025801101040,survived,,58.0,35.23,10000.0
7705424509,"АО ""ЭК ""ВОСТОК""",1037739123696,survived,,77.0,35.14,770000000.0
2607018122,"ПАО ""ОГК-2""",1052600002180,survived,,78.0,35.11.1,49402398989.0
7728168971,"АО ""АЛЬФА-БАНК""",1027700067328,survived,,77.0,64.19,59587623000.0
2224152758,"АО ""СГК-АЛТАЙ""",1122224002317,survived,,22.0,35.11.1,4983234619.0
1103043696,"УГХ АДМИНИСТРАЦИИ МО ""ВОРКУТА""",1091103000010,survived,,11.0,68.32.1,
0276009770,МЕЖРАЙОННАЯ ИФНС РОССИИ №4 ПО РЕСПУБЛИКЕ БАШКОРТОСТАН,1040208650206,survived,,2.0,84.11.4,
1901064509,"ООО ""АБАКАНЭНЕРГОСБЫТ""",1041901013747,survived,,19.0,35.14,7278657.0
7702743761,"ООО ""ТНС ЭНЕРГО ПЕНЗА""",1107746839463,survived,,58.0,35.14,10000.0
3434000560,"АО ""ВОЛГОГРАДГОРГАЗ""",1023403434010,survived,,34.0,43.22,29700.0
3444259579,"ООО ""КОНЦЕССИИ ТЕПЛОСНАБЖЕНИЯ""",1163443068722,survived,,34.0,35.30.14,1000000.0
2636014845,КУМИ Г. СТАВРОПОЛЯ,1022601934486,survived,,26.0,84.11.35,
7534018889,"ПАО ""ТГК-14""",1047550031242,survived,,75.0,35.30.11,1357945609.0
3444168900,ТУ РОСИМУЩЕСТВА В ВОЛГОГРАДСКОЙ ОБЛАСТИ,1093444002684,survived,,34.0,84.11.8,
7719555477,"ФГУП ""ОХРАНА"" РОСГВАРДИИ",1057747117724,survived,,77.0,80.10.9,850000000.0
7710007910,"АО ""ВОСТСИБНЕФТЕГАЗ""",1028800000855,survived,,24.0,06.10.1,1017758.0
1834021673,"ООО ""ГАЗПРОМ МЕЖРЕГИОНГАЗ ИЖЕВСК""",1021801582901,survived,,18.0,35.23,50000.0
1325126174,АДМИНИСТРАЦИЯ Г О САРАНСК,1021300978885,survived,,13.0,84.11.35,
4101119472,"КГУП ""КАМЧАТСКИЙ ВОДОКАНАЛ""",1074101006726,survived,,41.0,36.00.2,410769680.0
7736035485,"АО ""СОГАЗ""",1027739820921,survived,,77.0,65.12.2,30110751300.0
1435142972,"АО ""САХАТРАНСНЕФТЕГАЗ""",1031402073097,survived,,14.0,35.23,31630762033.0
1654009437,УФНС РОССИИ ПО РЕСПУБЛИКЕ ТАТАРСТАН,1041625497209,survived,,16.0,84.11.4,
0276046524,"ООО ""ГАЗПРОМ МЕЖРЕГИОНГАЗ УФА""",1020202854979,survived,,2.0,35.23,5000000.0
7448065758,ГУФССП РОССИИ ПО ЧЕЛЯБИНСКОЙ ОБЛАСТИ,1047424555892,survived,,74.0,84.11.13,
1103044587,"ФИНАНСОВОЕ УПРАВЛЕНИЕ АДМИНИСТРАЦИИ МУНИЦИПАЛЬНОГО ОКРУГА ""ВОРКУТА""",1091103000988,survived,,11.0,84.11.4,
3525151968,МИНИСТЕРСТВО ЛЕСНОГО КОМПЛЕКСА ОБЛАСТИ,1053500056136,survived,,35.0,84.11.22,
6671197148,"АО ""СПК""",1069671052868,survived,,66.0,46.72.2,900957.0
2312122495,"АО ""КРАСНОДАРТЕПЛОСЕТЬ""",1052307230458,survived,,23.0,35.30.14,2500000.0
2312054894,"АО ""АТЭК""",1022301974420,survived,,23.0,35.30.14,
6900000364,"АО ""ГАЗПРОМ ГАЗОРАСПРЕДЕЛЕНИЕ ТВЕРЬ""",1026900564129,survived,,69.0,35.22,
3849084158,МЕЖРАЙОННАЯ ИФНС РОССИИ №24 ПО ИРКУТСКОЙ ОБЛАСТИ,1213800023304,survived,,38.0,84.11.13,
3702597104,"АО ""ВОДОКАНАЛ""",1093702022754,survived,,37.0,36.00.2,1184846000.0
5050002154,АДМИНИСТРАЦИЯ ГОРОДСКОГО ОКРУГА ЩЁЛКОВО,1035010204745,survived,,50.0,84.11.35,
6164266561,"ПАО ""РОССЕТИ ЮГ""",1076164009096,survived,,61.0,35.12.1,69227956368.0
3302008241,УМИ Г.ВЛАДИМИРА,1033302008233,survived,,33.0,84.11.36,
3663046559,"ООО ""ТЕПЛОЭНЕРГО ВОРОНЕЖ""",1033600131366,survived,,36.0,35.30.14,12500.0
2722010548,"АО ""ГАЗПРОМ ГАЗОРАСПРЕДЕЛЕНИЕ ДАЛЬНИЙ ВОСТОК""",1022701128317,survived,,27.0,35.22,10866720.0
2310032246,АДМИНИСТРАЦИЯ МУНИЦИПАЛЬНОГО ОБРАЗОВАНИЯ ГОРОД КРАСНОДАР,1022301606799,survived,,23.0,84.11.35,
7710329843,"ООО ""СТОУН-XXI""",1027739641710,survived,,77.0,64.91.2,50000000.0
2224103849,"АО ""АЛТАЙЭНЕРГОСБЫТ""",1062224065166,survived,,22.0,35.14,30000000.0
1102025359,"ООО ""ГАЗПРОМ МЕЖРЕГИОНГАЗ СЫКТЫВКАР""",1021100730408,survived,,11.0,35.23,10000.0
2624033219,"ООО ""ЛУКОЙЛ-СТАВРОПОЛЬЭНЕРГО""",1116195008533,survived,,26.0,36.00.1,97257960.0
7736317095,"ООО ""ССК""",1187746695916,survived,,35.0,35.14,700000000.0
3302008636,АДМИНИСТРАЦИЯ ГОРОДА ВЛАДИМИРА,1033302009146,survived,,33.0,84.11.36,
2225066879,МЕЖРАЙОННАЯ ИФНС РОССИИ №16 ПО АЛТАЙСКОМУ КРАЮ,1042202283551,survived,,22.0,84.11.13,
7707067683,"ПАО СК ""РОСГОССТРАХ""",1027739049689,survived,,77.0,65.12.2,14685112227.0
2466114215,"ООО ""КРАСКОМ""",1032402976870,survived,,24.0,36.00.1,10000000.0
5609032431,"ООО ""ГАЗПРОМ МЕЖРЕГИОНГАЗ ОРЕНБУРГ""",1025600884550,survived,,56.0,46.71.4,10000.0
3123110760,"АО ""БЕЛГОРОДЭНЕРГОСБЫТ""",1043108002321,survived,,31.0,35.14,11818280.0
3803201800,КУМИ Г. БРАТСКА,1023800841382,survived,,38.0,84.11.35,
7709083955,ОАТИ,1037739099067,survived,,77.0,84.11.21,
3663050467,"ПАО ""ТНС ЭНЕРГО ВОРОНЕЖ""",1043600070458,survived,,36.0,35.14,29947080.0
7826705374,"ООО ""БАЛТИЙСКИЙ ЛИЗИНГ""",1027810273545,survived,,78.0,64.91.2,150000000.0
2315061988,АДМИНИСТРАЦИЯ МУНИЦИПАЛЬНОГО ОБРАЗОВАНИЯ ГОРОД НОВОРОССИЙСК,1032309077635,survived,,23.0,84.11.35,
3445079787,ГОСЖИЛНАДЗОР,1063460031580,survived,,34.0,84.11.21,
2126003194,АДМИНИСТРАЦИЯ Г. ЧЕБОКСАРЫ,1022101150037,survived,,21.0,84.11.35,
2635048440,"ООО ""ГАЗПРОМ МЕЖРЕГИОНГАЗ СТАВРОПОЛЬ""",1022601943814,survived,,26.0,46.71.4,10000.0
6901067107,"ПАО ""РОССЕТИ ЦЕНТР""",1046900099498,survived,,77.0,35.12,4221794146.0
2721121446,УФНС РОССИИ ПО ХАБАРОВСКОМУ КРАЮ,1042700168961,survived,,27.0,84.11.4,
6829012680,"АО ""РИР ЭНЕРГО""",1056882304489,survived,,77.0,35.30.11,22077685165.0
1435153396,УФНС РОССИИ ПО РЕСПУБЛИКЕ САХА (ЯКУТИЯ),1041402072216,survived,,14.0,84.11.12,
7701984274,"АО ""МОСВОДОКАНАЛ""",1127747298250,survived,,77.0,36.00.1,228816897453.0
1828000481,"МУП ""ВОДОКАНАЛ""",1021801059818,survived,,18.0,36.00.1,92418941.0
3017003414,АСТРАХАНСКАЯ ТАМОЖНЯ,1033001700159,survived,,30.0,84.11.4,
2466222186,"МТУ РОСИМУЩЕСТВА В КРАСНОЯРСКОМ КРАЕ, РЕСПУБЛИКЕ ХАКАСИЯ И РЕСПУБЛИКЕ ТЫВА",1092468031479,survived,,24.0,84.11.8,
1101205944,"АО ""СЫКТЫВКАРСКИЙ ВОДОКАНАЛ""",1121101013054,survived,,11.0,36.00.1,1209067000.0
3307001176,КУМИ ОКРУГА МУРОМ,1023302157526,survived,,33.0,84.11.8,
7710026574,"САО ""ВСК""",1027700186062,survived,,77.0,65.12.2,12118000000.0
7707056547,"АО ""БАНК РУССКИЙ СТАНДАРТ""",1027739210630,survived,,77.0,64.19,1396333000.0
5024173259,"ООО ""ЕЭС-ГАРАНТ""",1175024009918,survived,,50.0,35.14,10010000.0
3525144985,УФССП РОССИИ ПО ВОЛОГОДСКОЙ ОБЛАСТИ,1043500095704,survived,,35.0,84.11.13,
7703702341,"АО ""ГУОВ""",1097746390224,survived,,77.0,41.2,28081265000.0
7736046991,"АКБ ""АБСОЛЮТ БАНК"" (ПАО)",1027700024560,survived,,77.0,64.19,9392407480.0
6168002922,"ПАО ""ТНС ЭНЕРГО РОСТОВ-НА-ДОНУ""",1056164000023,survived,,61.0,35.14,181090038.0
2628057299,"ООО ""ТЕПЛОЭНЕРГО КИСЛОВОДСК""",1162651059559,survived,,26.0,35.30.14,10000.0
1326192645,"ПАО ""МОРДОВСКАЯ ЭНЕРГОСБЫТОВАЯ КОМПАНИЯ""",1051326000967,survived,,13.0,35.14,18292512.0
7706196090,"ООО ""СК ""СОГЛАСИЕ""",1027700032700,survived,,77.0,65.12.9,6000000000.0
5902817382,"ООО ""НОВОГОР-ПРИКАМЬЕ""",1035900082206,survived,,59.0,37.00,190000000.0
1653006666,"МУП ""ВОДОКАНАЛ""",1021602830370,survived,,16.0,37.00,1184121847.0
7422022380,УПРАВЛЕНИЕ ИМУЩЕСТВЕННЫХ ОТНОШЕНИЙ,1027401184447,survived,,74.0,84.11.35,
1828020110,"АО ""ВОТКИНСКИЙ ЗАВОД""",1101828001000,survived,,18.0,25.4,14934417000.0
7744000302,"АО ""РАЙФФАЙЗЕНБАНК""",1027739326449,survived,,77.0,64.19,36711260000.0
2632021520,"АО ""ПЯТИГОРСКИЕ ЭЛЕКТРИЧЕСКИЕ СЕТИ""",1022601611780,survived,,26.0,35.14,1500786.0
7802114044,ОСФР ПО САНКТ-ПЕТЕРБУРГУ И ЛЕНИНГРАДСКОЙ ОБЛАСТИ,1027801558223,survived,,78.0,84.30,
1328904496,"ООО ""ВАТТ-ЭЛЕКТРОСБЫТ""",1061328000018,survived,,13.0,35.14,3450000.0
1513061265,"ООО ""ГАЗПРОМ МЕЖРЕГИОНГАЗ ВЛАДИКАВКАЗ""",1161513054890,survived,,15.0,35.23,10000.0
7744001497,БАНК ГПБ (АО),1027700167110,survived,,77.0,64.19,601065831200.0
4205109214,"ПАО ""КУЗБАССЭНЕРГОСБЫТ""",1064205110133,survived,,42.0,35.14,30308190.0
5047054473,"ФГУП ""ГВСУ №14""",1035009568439,survived,,77.0,41.20,1654984.0
1653017530,ОСФР ПО РЕСПУБЛИКЕ ТАТАРСТАН,1021603269500,survived,,16.0,84.30,
1653001805,"ПАО ""АК БАРС"" БАНК",1021600000124,survived,,16.0,64.19,48015396326.0
7838056212,"ООО ""ГАЗПРОМ МЕЖРЕГИОНГАЗ САНКТ-ПЕТЕРБУРГ""",1167847278180,survived,,78.0,35.23,10000.0
4716016979,"ПАО ""РОССЕТИ""",1024701893336,survived,,77.0,35.12,1149596739718.0
7744000126,"КБ ""РЕНЕССАНС КРЕДИТ"" (ООО)",1027739586291,survived,,77.0,64.19,1101000000.0
2308014320,ОСФР ПО КРАСНОДАРСКОМУ КРАЮ,1022301602091,survived,,23.0,84.30,
2466001885,ОСФР ПО КРАСНОЯРСКОМУ КРАЮ,1022402648718,survived,,24.0,84.30,
0278030985,"ПАО ""ГАЗПРОМ ГАЗОРАСПРЕДЕЛЕНИЕ УФА""",1020203227758,survived,,2.0,35.22,3510820.0
2902059091,"АО ""ПО ""СЕВМАШ""",1082902001401,survived,,29.0,30.11,19022347000.0
3442075551,УФНС РОССИИ ПО ВОЛГОГРАДСКОЙ ОБЛАСТИ,1043400221127,survived,,34.0,84.11.4,
1103021967,"УПРАВЛЕНИЕ КУЛЬТУРЫ АДМИНИСТРАЦИИ МО ""ВОРКУТА""",1021100808431,survived,,11.0,84.11.35,
7726639745,УПРАВЛЕНИЕ РОСРЕЕСТРА ПО МОСКВЕ,1097746680822,survived,,77.0,84.11.12,
0901001747,ОСФР ПО КАРАЧАЕВО-ЧЕРКЕССКОЙ РЕСПУБЛИКЕ,1020900515833,survived,,9.0,84.30,
7831001567,"БАНК ""ТРАСТ"" (ПАО)",1027800000480,survived,,77.0,64.19,1013265310.0
0276097173,АДМИНИСТРАЦИЯ ГО Г. УФА РБ,1050204343474,survived,,2.0,84.11.36,
1107004112,"АДМИНИСТРАЦИЯ ОКРУГА ""ВУКТЫЛ""",1021100935426,survived,,11.0,84.11.34,
2460087269,"АО ""КРАСЭКО""",1152468001773,survived,,24.0,35.30.14,8598143000.0
2540171519,ГОСУДАРСТВЕННАЯ ЖИЛИЩНАЯ ИНСПЕКЦИЯ ПРИМОРСКОГО КРАЯ,1112540003982,survived,,25.0,84.11.21,
1826000260,"АО ""ГАЗПРОМ ГАЗОРАСПРЕДЕЛЕНИЕ ИЖЕВСК""",1021801142142,survived,,18.0,35.22,93591000.0
3808096980,ОСФР ПО ИРКУТСКОЙ ОБЛАСТИ,1033801046003,survived,,38.0,84.30,
3328101380,"АО ""ГАЗПРОМ ГАЗОРАСПРЕДЕЛЕНИЕ ВЛАДИМИР""",1023301461810,survived,,33.0,35.22,45043.0
6671163413,"ПАО ""РОССЕТИ УРАЛ""",1056604000970,survived,,66.0,35.12.1,8743048571.0
2463102814,МИНИСТЕРСТВО ПРИРОДНЫХ РЕСУРСОВ И ЛЕСНОГО КОМПЛЕКСА КРАСНОЯРСКОГО КРАЯ,1162468093952,survived,,24.0,84.11.21,
1628006341,ИСПОЛНИТЕЛЬНЫЙ КОМИТЕТ МЕНЗЕЛИНСКОГО МУНИЦИПАЛЬНОГО РАЙОНА РЕСПУБЛИКИ ТАТАРСТАН,1061682000380,survived,,16.0,84.11.33,
7717151380,"ГОСУДАРСТВЕННАЯ КОМПАНИЯ ""АВТОДОР""",1097799013652,survived,,77.0,84.11.8,
0274045532,МИНЗЕМИМУЩЕСТВО РБ,1020202552920,survived,,2.0,84.11.21,
5502020634,"АО ""ТРАНСНЕФТЬ-ЗАПАДНАЯ СИБИРЬ""",1025500514489,survived,,55.0,49.50.1,550353.0
1434031476,ПОСЕЛКОВАЯ АДМИНИСТРАЦИЯ СЕРЕБРЯНЫЙ БОР,1061434000033,survived,,14.0,84.11.32,
7724490000,"АО ""ПОЧТА РОССИИ""",1197746000000,survived,,77.0,53.10.9,94279394000.0
2129056035,УФССП РОССИИ ПО ЧУВАШСКОЙ РЕСПУБЛИКЕ,1042129024112,survived,,21.0,84.11.13,
6163041269,УФНС РОССИИ ПО РОСТОВСКОЙ ОБЛАСТИ,1046163900001,survived,,61.0,84.11.4,
7750004150,ВЭБ.РФ,1077711000102,survived,,77.0,64.19,
0254009631,АДМИНИСТРАЦИЯ МУНИЦИПАЛЬНОГО РАЙОНА БАЙМАКСКИЙ РАЙОН РЕСПУБЛИКИ БАШКОРТОСТАН,1050201798415,survived,,2.0,84.11.33,
3905012784,УФНС РОССИИ ПО КАЛИНИНГРАДСКОЙ ОБЛАСТИ,1043902500069,survived,,39.0,84.11.4,
7105509912,"ООО ""ТУЛАОБОРОНСТРОЙ""",1107154019070,survived,,71.0,41.20.9,1000000.0
2722009856,ХАБАРОВСКАЯ ТАМОЖНЯ,1022701131826,survived,,27.0,84.11.4,
2721093076,"КГКУ ""СЛУЖБА ЗАКАЗЧИКА МИНСТРОЯ КРАЯ""",1022700928172,survived,,27.0,84.11.21,
1515900068,УФНС РОССИИ ПО РЕСПУБЛИКЕ СЕВЕРНАЯ ОСЕТИЯ - АЛАНИЯ,1041501903739,survived,,15.0,84.11.4,
5012073700,"ООО ""УК ""РК""",1125012003786,survived,,50.0,68.32.1,10000.0
9102068727,"ГБУ РК ""МФЦ""",1159102010100,survived,,91.0,84.11.35,
2466144107,ЕНИСЕЙСКОЕ УПРАВЛЕНИЕ РОСТЕХНАДЗОРА,1062466153342,survived,,24.0,84.11.13,
2320037148,АДМИНИСТРАЦИЯ ГОРОДА СОЧИ,1022302934367,survived,,23.0,84.11.35,
0254009649,АДМИНИСТРАЦИЯ ГОРОДСКОГО ПОСЕЛЕНИЯ ГОРОД БАЙМАК МУНИЦИПАЛЬНОГО РАЙОНА БАЙМАКСКИЙ РАЙОН РЕСПУБЛИКИ БАШКОРТОСТАН,1060254000014,survived,,2.0,84.11.32,
7709031643,"АО ""МАКС""",1027739099629,survived,,77.0,65.12.3,4000000000.0
1826001137,АДМИНИСТРАЦИЯ ГОРОДА ИЖЕВСКА,1031800554400,survived,,18.0,84.11.35,
7704221591,"АО ""РОСАГРОЛИЗИНГ""",1027700103210,survived,,77.0,64.91.2,129338492500.0
2224132840,"АО ""АЛТАЙКРАЙЭНЕРГО""",1092224002331,survived,,22.0,35.14,10389000.0
5260148520,"ПАО ""ТНС ЭНЕРГО НН""",1055238038316,survived,,52.0,35.14,59196994.0
3525372678,"АО ""ВОЛОГДАОБЛЭНЕРГО""",1163525064955,survived,,35.0,35.12.1,3186264122.0
7731660990,"ООО ""ПРАЙМ ЛИЗИНГ""",1107746948693,survived,,77.0,64.91,52500000.0
7706810747,"ООО СК ""СБЕРБАНК СТРАХОВАНИЕ""",1147746683479,survived,,77.0,65.12.2,15000000000.0
7706561875,"ООО ""ЭЛЕМЕНТ ЛИЗИНГ""",1047796985631,survived,,77.0,64.91.2,444000000.0
7710140679,"АО ""ТБАНК""",1027739642281,survived,,77.0,64.19,9409784680.0
3017041554,"ПАО ""АСТРАХАНСКАЯ ЭНЕРГОСБЫТОВАЯ КОМПАНИЯ""",1053000000041,survived,,30.0,35.14,5417300.0
7102005547,"АО ""ТУЛАТЕПЛОСЕТЬ""",1027100684632,survived,,71.0,35.30.14,36410.0
1833005196,ОСФР ПО УДМУРТСКОЙ РЕСПУБЛИКЕ,1021801668437,survived,,18.0,84.30,
1701010070,ОСФР ПО РЕСПУБЛИКЕ ТЫВА,1021700511216,survived,,17.0,84.30,
5948022406,"ООО ""ГАЗПРОМ МЕЖРЕГИОНГАЗ ПЕРМЬ""",1025902403196,survived,,59.0,35.23,
1513012099,"СНО ""РЕГИОНАЛЬНЫЙ ОПЕРАТОР""",1141500000157,survived,,15.0,68.32.1,
4101182851,"ООО УК ""КАМЧАТЖКХ""",1174101018365,survived,,41.0,68.32.1,10000.0
1659143468,"АО ""КАЗЭНЕРГО""",1141690017028,survived,,16.0,35.30.14,4153788466.0
5405450938,"ООО ""СИБТЭК""",1125476039094,survived,,54.0,35.30.14,50000000.0
3329999430,ФОНД КАПИТАЛЬНОГО РЕМОНТА ВО,1133300001163,survived,,33.0,64.99,
2700000313,ОСФР ПО ХАБАРОВСКОМУ КРАЮ И ЕАО,1032700296859,survived,,27.0,84.30,
7740000076,"ПАО ""МТС""",1027700149124,survived,,77.0,61.20.2,199838157.0
7708514824,"ГК ""АСВ"", АСВ.РФ",1047796046198,survived,,77.0,65.12.9,
7812014560,"ПАО ""МЕГАФОН""",1027809169585,survived,,77.0,61.20.1,62000000.0
7709378229,АО ВТБ ЛИЗИНГ,1037700259244,survived,,77.0,64.91.2,14819984000.0
7709431786,"ООО ""РЕСО-ЛИЗИНГ""",1037709061015,survived,,77.0,64.91.2,4200000000.0
1102055018,"ООО ""РЕГИОНАЛЬНЫЙ ОПЕРАТОР СЕВЕРА""",1071102001695,survived,,11.0,38.11,10000.0
3445926514,ОСФР ПО ВОЛГОГРАДСКОЙ ОБЛАСТИ,1023403847235,survived,,34.0,84.30,
1903006887,АДМИНИСТРАЦИЯ Г.ЧЕРНОГОРСКА,1021900697356,survived,,19.0,84.11.35,
1701041247,"АО ""КЫЗЫЛСКАЯ ТЭЦ""",1071701000359,survived,,17.0,35.30.11,322777603.0
3664999635,ФОНД КАПИТАЛЬНОГО РЕМОНТА,1133600001864,survived,,36.0,64.99,
5260417980,МИНИМУЩЕСТВА НО,1155260014623,survived,,52.0,84.11.21,
7024029499,"АО ""СХК""",1087024001965,survived,,70.0,24.46,102610333201.0
4633017746,"ООО ""РОСАТОМ ЭНЕРГОСБЫТ БИЗНЕС""",1064633003038,survived,,77.0,35.14,400000.0
2308111927,"ООО ""КРАСНОДАР ВОДОКАНАЛ""",1052303701922,survived,,23.0,37.00,10000.0
7838027691,ГУФССП РОССИИ ПО Г.САНКТ-ПЕТЕРБУРГУ,1047833068942,survived,,78.0,84.11.13,
7704869777,"ООО ""РТИТС""",1147746841340,survived,,77.0,63.11.1,1650100000.0
3426013572,"ООО ""СИТИМАТИК-ВОЛГОГРАД""",1103458000337,survived,,77.0,77.12,3000000.0
1435028701,"ПАО ""ЯКУТСКЭНЕРГО""",1021401047260,survived,,14.0,35.12.1,25575235938.0
1681000024,"ПАО ""ТАТТЕЛЕКОМ""",1031630213120,survived,,16.0,61.10.1,2084397640.0
9705101614,"ПАО ""ЛК ""ЕВРОПЛАН""",1177746637584,survived,,77.0,64.91.2,120000000.0
7713076301,"ПАО ""ВЫМПЕЛКОМ""",1027700166636,survived,,77.0,61.20.1,288538.0
3704005843,"ООО ""РЕГИОНАЛЬНЫЙ ОПЕРАТОР ПО ОБРАЩЕНИЮ С ТКО""",1113704000585,survived,,37.0,38.11,10000.0
1657036630,"АО ""ТАТЭНЕРГО""",1021603139690,survived,,16.0,35.11.1,9435462899.0
6450090478,"ООО ""КВС""",1156451022683,survived,,64.0,36.00,1000000.0
5012055109,"ООО ""РСК""",1095012002910,survived,,50.0,35.30.3,200000.0
3015108355,"ООО ""ГАЗПРОМ МЕЖРЕГИОНГАЗ АСТРАХАНЬ""",1163025054499,survived,,30.0,35.23,10000.0
3525237735,ТУ РОСИМУЩЕСТВА В ВОЛОГОДСКОЙ ОБЛАСТИ,1103525003900,survived,,35.0,84.11.12,
1325022400,"МП ""САРАНСКГОРВОДОКАНАЛ""",1021300973374,survived,,13.0,37.00,553421897.0
5904123809,"ПАО ""ПЕРМЭНЕРГОСБЫТ""",1055902200353,survived,,59.0,35.14,154584495.0
3525064930,АДМИНИСТРАЦИЯ ГОРОДА ВОЛОГДЫ,1033500051683,survived,,35.0,84.11.35,
2626025781,"ООО ""ЮГПРОМ""",1022601226230,survived,,26.0,46.61,9000000.0
3808233587,ФКР МКД ИРКУТСКОЙ ОБЛАСТИ,1143850002394,survived,,38.0,64.99,
3903003375,"МП ""КАЛИНИНГРАДТЕПЛОСЕТЬ""",1023901007008,survived,,39.0,35.30.14,965642670.0
7702045051,"ПАО ""МТС-БАНК""",1027739053704,survived,,77.0,64.19,18763618500.0
7705041231,"ПАО ""САК ""ЭНЕРГОГАРАНТ""",1027739068060,survived,,77.0,65.12.2,2040000000.0
2221064060,"ООО ""БАРНАУЛЬСКИЙ ВОДОКАНАЛ""",1042201872800,survived,,22.0,37.00,10000.0
3664007552,ОСФР ПО ВОРОНЕЖСКОЙ ОБЛАСТИ,1023601547177,survived,,36.0,84.30,
2460225783,"ООО ""КРАСЭКО-ЭЛЕКТРО""",1102468046790,survived,,24.0,35.30.2,10000.0
7706284124,"ООО ""РУСЭНЕРГОСБЫТ""",1027706023058,survived,,77.0,35.14,18000000.0
1215003356,КУМИ Г. ЙОШКАР-ОЛЫ,1021200761658,survived,,12.0,84.11.35,
8602015464,"ООО ""СГЭС""",1068602153773,survived,,86.0,35.13,527739676.0
2211005570,"ООО ""СБЫТСЕРВИС""",1152210000172,survived,,22.0,36.00.2,10000.0
1655088826,ГУФССП РОССИИ ПО РЕСПУБЛИКЕ ТАТАРСТАН,1041621122674,survived,,16.0,84.11.13,
7841430420,"ООО ПКО ""ФИЛБЕРТ""",1107847250961,survived,,78.0,69.10,10000.0
5406103101,ОСФР ПО НОВОСИБИРСКОЙ ОБЛАСТИ,1025402470389,survived,,54.0,84.30,
7710050305,"АО ""ЮТЕХ ДИСТРИБЬЮШН""",1027739096692,survived,,50.0,46.49,500015000.0
3905019765,"ООО ""КАРКАДЕ""",1023900586181,survived,,39.0,64.91.2,1425452297.0
2016081143,"АО ""ЧЕЧЕНЭНЕРГО""",1082031002503,survived,,20.0,35.12.1,26192749799.0
7704270863,ГУФССП РОССИИ ПО Г. МОСКВЕ,1047704058093,survived,,77.0,84.11.11,
7802131219,"ООО ""ИНТЕРЛИЗИНГ""",1027801531031,survived,,78.0,64.91.2,5900000000.0
7709576929,ФССП РОССИИ,1047796859791,survived,,77.0,84.11.11,
0274062111,"ПАО ""БАНК УРАЛСИБ""",1020280000190,survived,,77.0,64.19,36013469735.0
1101471400,ОСФР ПО РЕСПУБЛИКЕ КОМИ,1021100513774,survived,,11.0,84.30,
0914000677,УФНС РОССИИ ПО КАРАЧАЕВО-ЧЕРКЕССКОЙ РЕСПУБЛИКЕ,1040900966930,survived,,9.0,84.11.4,
3446858585,МЕЖРАЙОННАЯ ИФНС РОССИИ №10 ПО ВОЛГОГРАДСКОЙ ОБЛАСТИ,1043400495500,survived,,34.0,84.11.4,
2315020237,ИФНС РОССИИ ПО Г. НОВОРОССИЙСКУ КРАСНОДАРСКОГО КРАЯ,1042309105750,survived,,23.0,84.11.4,
5044046731,"ГУП МО ""СОЛНЕЧНОГОРСКОЕ ЖКХ""",1055008701395,survived,,50.0,36.00.1,56979900.0
3123022024,УФНС РОССИИ ПО БЕЛГОРОДСКОЙ ОБЛАСТИ,1043107045761,survived,,31.0,84.11.4,
7704446429,"ППК ""ФОНД РАЗВИТИЯ ТЕРРИТОРИЙ""",5177746100032,survived,,77.0,64.99,
5902290272,"ГКБУК ""ПЕРМСКИЙ ТЕАТР ОПЕРЫ И БАЛЕТА ИМ. П.И. ЧАЙКОВСКОГО""",1025900536980,survived,,59.0,90.04.1,
7733335610,"ООО ""СКР""",1197746079332,survived,,77.0,69.10,10000.0
3444046034,НИЖНЕ-ВОЛЖСКОЕ УПРАВЛЕНИЕ РОСТЕХНАДЗОРА,1023403462488,survived,,34.0,84.11.12,
2308124997,"АО ""КРАЙЖИЛКОМРЕСУРС""",1062308034920,survived,,23.0,38.11,1740991746.0
5036065113,"ПАО ""РОССЕТИ МОСКОВСКИЙ РЕГИОН"", ПАО ""РОССЕТИ МР""",1057746555811,survived,,77.0,35.12.1,24353545787.0
3666181570,УИЗО АГО Г.ВОРОНЕЖ,1123668052200,survived,,36.0,84.11.3,
7713056834,"АО ""АЛЬФАСТРАХОВАНИЕ""",1027739431730,survived,,77.0,65.12.9,22500000000.0
1655065674,"МКУ ""КОМИТЕТ ЗЕМЕЛЬНЫХ И ИМУЩЕСТВЕННЫХ ОТНОШЕНИЙ ГОРОДА КАЗАНИ""",1061655000582,survived,,16.0,84.11.35,
3310003494,"ООО ""ВЛАДИМИРТЕПЛОГАЗ""",1023302553064,survived,,33.0,35.30.14,1526275000.0
2308101615,"ООО ""КЭСК""",1042303662763,survived,,23.0,37.00,10000.0
1325050006,УФНС РОССИИ ПО РЕСПУБЛИКЕ МОРДОВИЯ,1041316016917,survived,,13.0,84.11.4,
2308022804,УФНС РОССИИ ПО КРАСНОДАРСКОМУ КРАЮ,1042305724108,survived,,23.0,84.11.4,
2309090540,УПРАВЛЕНИЕ РОСРЕЕСТРА ПО КРАСНОДАРСКОМУ КРАЮ,1042304982510,survived,,23.0,84.11.12,
6623029538,"АО ""НАУЧНО-ПРОИЗВОДСТВЕННАЯ КОРПОРАЦИЯ ""УРАЛВАГОНЗАВОД""",1086623002190,survived,,66.0,30.40,92191251000.0
7702051094,МОСЖИЛИНСПЕКЦИЯ,1027700066140,survived,,77.0,84.12,
3808229774,"ООО ""БАЙКАЛЬСКАЯ ЭНЕРГЕТИЧЕСКАЯ КОМПАНИЯ""",1133850020545,survived,,38.0,35.11.1,3300000000.0
1835062680,УФССП РОССИИ ПО УДМУРТСКОЙ РЕСПУБЛИКЕ,1041805001391,survived,,18.0,84.11.13,
3904000514,ОСФР ПО КАЛИНИНГРАДСКОЙ ОБЛАСТИ,1023900775580,survived,,39.0,84.30,
2208003389,КОМИТЕТ ПО УПРАВЛЕНИЮ ИМУЩЕСТВОМ,1022200768380,survived,,22.0,84.11.35,
2901130440,УФНС РОССИИ ПО АРХАНГЕЛЬСКОЙ ОБЛАСТИ И НЕНЕЦКОМУ АВТОНОМНОМУ ОКРУГУ,1042900900020,survived,,29.0,84.11.4,
3906214945,"АО ""КАЛИНИНГРАДГАЗИФИКАЦИЯ""",1103925000960,survived,,39.0,35.22,2752557200.0
2225163199,КЭГ,1152225017340,survived,,22.0,84.11.35,
5612164639,"АО ""НТЭСК""",1165658068366,survived,,66.0,35.14,1600000.0
1435191592,"АО ""ТЕПЛОЭНЕРГОСЕРВИС""",1071435012439,survived,,14.0,35.30.14,1038899131.0
5012070724,"АО ""МОЭГ""",1115012006130,survived,,50.0,35.30.14,100000.0
6623090236,"НТ МУП ""ГОРЭНЕРГО-НТ""",1126623013461,survived,,66.0,35.30.2,29768000.0
2721168170,ДАЛЬНЕВОСТОЧНОЕ УПРАВЛЕНИЕ РОСТЕХНАДЗОРА,1092721003605,survived,,27.0,84.11.12,
2312019515,ИФНС РОССИИ №5 ПО Г. КРАСНОДАРУ,1042307187614,survived,,23.0,84.11.4,
3808114068,УФНС РОССИИ ПО ИРКУТСКОЙ ОБЛАСТИ,1043801064460,survived,,38.0,84.11.12,
3015015527,ОСФР ПО АСТРАХАНСКОЙ ОБЛАСТИ,1023000822855,survived,,30.0,84.30,
7710305634,"ООО ""ЗНСМ""",1027700069825,survived,,77.0,71.12.2,32600000.0
0274101120,ГУФССП РОССИИ ПО РЕСПУБЛИКЕ БАШКОРТОСТАН,1040203924474,survived,,2.0,84.11.13,
7105504223,"АО ""ТУЛАГОРВОДОКАНАЛ""",1087154028004,survived,,71.0,36.00.1,285134000.0
7707306927,"ООО ""ФАЙНЭНШЛ""",1027739401800,survived,,77.0,64.91.2,150000.0
3728012487,АДМИНИСТРАЦИЯ ГОРОДА ИВАНОВА,1023700543624,survived,,37.0,84.11.35,
1660031631,"АО ""ГАЗПРОМ МЕЖРЕГИОНГАЗ КАЗАНЬ""",1021602833141,survived,,16.0,35.23,90000.0
5836013675,УМИ ГОРОДА ПЕНЗЫ,1095836002481,survived,,58.0,84.11.35,
5407025576,"АО ""НОВОСИБИРСКЭНЕРГОСБЫТ""",1065407151127,survived,,54.0,35.14,160664740.0
4105045327,"АО ""ТЕПЛО ЗЕМЛИ""",1154177001846,survived,,41.0,42.21,2143221000.0
1831101183,УФНС РОССИИ ПО УДМУРТСКОЙ РЕСПУБЛИКЕ,1041800281214,survived,,18.0,84.11.4,
0914000740,УФССП РОССИИ ПО КАРАЧАЕВО-ЧЕРКЕССКОЙ РЕСПУБЛИКЕ,1040900967590,survived,,9.0,84.11.12,
2310009818,СЕВЕРО-КАВКАЗСКОЕ УПРАВЛЕНИЕ РОСТЕХНАДЗОРА,1022301623684,survived,,23.0,84.11.12,
7705431418,ПАУ ЦФО,1027700542209,survived,,77.0,69.10,
3444059139,АДМИНИСТРАЦИЯ ВОЛГОГРАДА,1023403433822,survived,,34.0,84.11.35,
7733506810,МЕЖРАЙОННАЯ ИФНС РОССИИ №46 ПО Г. МОСКВЕ,1047796991550,survived,,77.0,84.11.13,
2600000038,ОСФР ПО СТАВРОПОЛЬСКОМУ КРАЮ,1022601963560,survived,,26.0,84.30,
2635329994,УФНС РОССИИ ПО СТАВРОПОЛЬСКОМУ КРАЮ,1042600329991,survived,,26.0,84.11.4,
5050029646,"АО ""ЩЕЛКОВО АГРОХИМ""",1025006519427,survived,,50.0,20.20,197000000.0
7710045520,"САО ""РЕСО-ГАРАНТИЯ""",1027700042413,survived,,77.0,65.12.2,10850000000.0
3015089342,"ГКУ АО ""УКС АО""",1103015000208,survived,,30.0,84.12,
7730233723,"ООО ПКО ""АЙДИ КОЛЛЕКТ""",1177746355225,survived,,77.0,82.91,101265822.0
7710016640,ПАО МГТС,1027739285265,survived,,77.0,61.10.1,3808911720.0
9201012877,"ФГАОУ ВО ""СЕВАСТОПОЛЬСКИЙ ГОСУДАРСТВЕННЫЙ УНИВЕРСИТЕТ""",1149204039181,survived,,92.0,85.22.1,
2721202328,"АО ""ХЭС""",1132721004096,survived,,27.0,35.30.14,774982000.0
7220098756,"ООО ""БЕРДЮЖСКОЕ АТП""",1157232029382,survived,,72.0,49.31,10000.0
7709138570,"ПАО АКБ ""МЕТАЛЛИНВЕСТБАНК""",1027700218666,survived,,77.0,64.19,1140000000.0
1215013080,"АО ""УМС""",1021200760811,survived,,12.0,43.99,
7705596339,МИНПРОМТОРГ РОССИИ,1047796323123,survived,,77.0,84.11.11,
1101160027,МИНПРИРОДЫ РЕСПУБЛИКИ КОМИ,1171101008297,survived,,11.0,84.11.21,
7803032323,ГАТИ,1027809192575,survived,,78.0,84.11.22,
2452012069,АДМИНИСТРАЦИЯ ЗАТО Г.ЖЕЛЕЗНОГОРСК,1022401419590,survived,,24.0,84.11.35,
2926000555,АРХГОСЖИЛИНСПЕКЦИЯ,1022900533050,survived,,29.0,84.11.21,
7730544207,МОСГОССТРОЙНАДЗОР,1067746784390,survived,,77.0,84.11.22,
1513076504,"ООО ""ЭРА""",1191513004088,survived,,15.0,38.21,100000.0
3525217070,МИНИСТЕРСТВО СТРОИТЕЛЬСТВА ОБЛАСТИ,1093525000040,survived,,35.0,84.11.21,
1326211305,"МТУ РОСИМУЩЕСТВА В РЕСПУБЛИКЕ МОРДОВИЯ, РЕСПУБЛИКЕ МАРИЙ ЭЛ, ЧУВАШСКОЙ РЕСПУБЛИКЕ И ПЕНЗЕНСКОЙ ОБЛАСТИ",1091326001502,survived,,13.0,84.11.8,
2311024047,ИФНС РОССИИ №4 ПО Г. КРАСНОДАРУ,1042306453078,survived,,23.0,84.11.4,
7710458616,"АССОЦИАЦИЯ СОАУ ""МЕРКУРИЙ""",1037710023108,survived,,77.0,94.12,
7813175754,СОЮЗ АУ НЦРБ,1027806876173,survived,,77.0,70.22,
7704259073,ППО БАНКА ВТБ (ПАО) МГО ПРГУ РФ,1037746002084,survived,,77.0,94.20,
7702000406,"АО ""БМ-БАНК""",1027700159497,survived,,77.0,64.19,66401953000.0
2983998001,"ООО ""БАШНЕФТЬ - ПОЛЮС""",1108383000549,survived,,83.0,06.10.1,10000.0
0326022754,УФНС РОССИИ ПО РЕСПУБЛИКЕ БУРЯТИЯ,1040302981542,survived,,3.0,84.11.4,
2801023444,"""АЗИАТСКО-ТИХООКЕАНСКИЙ БАНК"" (АО)",1022800000079,survived,,28.0,64.19,8672935780.0
2635095930,"АО ""ТЕПЛОСЕТЬ""",1062635140446,survived,,26.0,35.30.14,36770000.0
0278106440,УФНС РОССИИ ПО РЕСПУБЛИКЕ БАШКОРТОСТАН,1040209030003,survived,,2.0,84.11.4,
1001304003,"ГУП РК ""КАРЕЛКОММУНЭНЕРГО""",1151001015736,survived,,10.0,35.30.14,159656692.0
2309090532,ГУ ФССП РОССИИ ПО КРАСНОДАРСКОМУ КРАЮ,1042304982499,survived,,23.0,84.11.13,
3525197602,ДСБ АДМИНИСТРАЦИИ Г. ВОЛОГДЫ,1073525019886,survived,,35.0,84.11.35,
3800000220,"АО ""ИРКУТСКЭНЕРГО""",1023801003313,survived,,38.0,68.20.21,
3906349533,"ООО ""ЛУЧШИЙ ДОМ В ЦЕНТРАЛЬНОМ РАЙОНЕ""",1173926004340,survived,,39.0,68.32,10000.0
3918014394,"ООО ""УК-ЗЕЛРАЙДОМ""",1183926022390,survived,,39.0,68.32,50000.0
3906307974,"ООО ""УК ""СВЕТЛЫЙ ДОМ""",1133926040379,survived,,39.0,68.32,10000.0
9718236471,"ПАО ""КАРШЕРИНГ РУССИЯ""",1237700701534,survived,,77.0,77.11,109905.0
5834111740,"ООО ""ТЕПЛОКОМ""",1155834001487,survived,,58.0,35.30.1,15000.0
0274918836,"ООО ""УПРАВЛЯЮЩАЯ КОМПАНИЯ ""ПРОГРЕСС-УФА""",1160280105480,survived,,2.0,68.32.1,100000.0
5823008879,"ООО ""ТЕПЛОСЕРВИС""",1155835006018,survived,,58.0,35.30.1,15000.0
7715729877,"АО ""ЖЕЛДОРРЕММАШ""",5087746570830,survived,,77.0,30.20.9,15162764668.0
4632165780,"АО ""КУРСКОБЛВОДОКАНАЛ""",1124632009149,survived,,46.0,36.00.1,74603250.0
5040182765,"ООО ""ЦЕНТРЭНЕРГО""",1225000145578,survived,,50.0,35.14,15000.0
7720522853,"АО ""ОЭК""",1057746394155,survived,,77.0,35.12,47631832980.0
6950169101,"ООО ""КОМТЭК""",1136952011789,survived,,69.0,35.30,10000.0
3906152752,"ООО ""ЛУЧШИЙ ДОМ В Г. ЗЕЛЕНОГРАДСКЕ""",1063906087046,survived,,39.0,68.32.1,10000.0
7704758153,"ООО ""ЛОКОТЕХ-СЕРВИС""",1107746515887,survived,,77.0,33.17,2100000000.0
3906957355,"ООО ""УК ЖИЛСЕРВИС""",1153926009401,survived,,39.0,68.32,15000.0
2461201672,"ООО УК ""ЖСК""",1072468020877,survived,,24.0,68.32.1,25000000.0
7713150403,"ООО ""НМС ЭНЕРГО""",1037739381822,survived,,77.0,35.14,100000.0
3906995368,"ООО ""УК НОВА""",1163926075499,survived,,39.0,68.32.1,10000.0
7709782777,"ООО ""ГАРАНТ ЭНЕРГО""",1087746321827,survived,,58.0,35.14,200000.0
7708737490,"АО ""ВРК-1""",1117746294104,survived,,77.0,52.21.1,14734119179.0
7705845722,"ООО ""НВК""",1087746722293,survived,,77.0,52.21.19,20120000.0
7708737500,"АО ""ОМК СТАЛЬНОЙ ПУТЬ""",1117746294115,survived,,77.0,52.21.19,7015888061.0
7810258843,"АО ""ОЭК""",1027804911441,survived,,78.0,35.12.1,400080000.0
5805014326,"ООО ""РТК""",1215800003605,survived,,58.0,35.30.1,10000.0
1103046859,"ООО УО ""ГОРНЯЦКАЯ""",1221100002353,survived,,11.0,68.32.1,10000.0
7717285458,"ООО ""СТАРТРАНС""",1157746328882,survived,,50.0,49.31.21,10000.0
7707807190,"ГБУ ""ЖИЛИЩНИК РАЙОНА ТВЕРСКОЙ""",1137746552877,survived,,77.0,68.32.1,
4703124060,"АО ""ЛСР. БАЗОВЫЕ""",1114703005273,survived,,47.0,08.12.1,759659000.0
7701378636,"ГБУ ""ЖИЛИЩНИК БАСМАННОГО РАЙОНА""",5137746116657,survived,,77.0,68.32.1,
7703820360,"ГБУ ""ЖИЛИЩНИК ПРЕСНЕНСКОГО РАЙОНА""",5147746268280,survived,,77.0,68.32.1,
3702559758,"ООО ""НОВЫЙ ГОРОД""",1083702015638,survived,,37.0,68.32,100000.0
7704880121,"ГБУ ""ЖИЛИЩНИК РАЙОНА ХАМОВНИКИ""",5147746341881,survived,,77.0,68.32.1,
5105032739,"МУП КОЛЬСКОГО ОКРУГА ""УЖКХ""",1135105001041,survived,,51.0,35.30.14,100000.0
5250043567,"ООО ""ЛУКОЙЛ-НИЖЕГОРОДНЕФТЕОРГСИНТЕЗ""",1085250002111,survived,,52.0,19.20.1,4812955.0
7706724054,"АО ""ВК КОМФОРТ""",1097746503106,survived,,77.0,68.32.1,10000.0
3308000538,"ФКП ""ГЛП ""РАДУГА""",1023303353150,survived,,33.0,25.62,
3917050713,"ООО ""АЛИСА""",1183926028208,survived,,39.0,68.32.1,10000.0
6950103478,"ООО УК ""ЛАЗУРЬ""",1096952011640,survived,,69.0,68.3,32000.0
7705507152,"АО ""ТМХ-ЛОКОМОТИВЫ""",1037705059270,survived,,16.0,33.17,1000000.0
3438002889,ГБУЗ УРЮПИНСКАЯ ЦРБ,1023405766801,survived,,34.0,86.10,
2635060510,"ГУП СК ""КРАЙТЕПЛОЭНЕРГО""",1022601958610,survived,,26.0,35.30.14,718908671.0
4707013516,"АО ""УСТЬ-ЛУГА ОЙЛ""",1024701420622,survived,,47.0,52.24.2,1922000000.0
2322001997,"АО ""ТМТП""",1022303274674,survived,,23.0,52.24.2,352922845.0
7826156685,"ООО""ДЕЛОВЫЕ ЛИНИИ""",1027810306259,survived,,78.0,52.29,10000000.0
5262314807,"ООО ""НЭС""",1155262002983,survived,,52.0,35.14,100000.0
7734657508,"ООО ""СКС УК""",1117746413806,survived,,77.0,68.32.1,10000.0
3310001948,"ГБУЗ ВО ""СУЗДАЛЬСКАЯ РБ""",1033302801927,survived,,33.0,86.10,
7709966213,"ГБУ ""ЖИЛИЩНИК ТАГАНСКОГО РАЙОНА""",5147746272560,survived,,77.0,68.32.1,
3025027666,"МБУ ""СТРОИТЕЛЬНО-КОММУНАЛЬНАЯ СЛУЖБА №1""",1163025053620,survived,,30.0,36.00.2,10000.0
6949108432,"ООО ""ТЕПЛОСЕТЬ""",1166952065015,survived,,69.0,35.30.14,886987000.0
4345049124,ГЖИ КИРОВСКОЙ ОБЛАСТИ,1024301334089,survived,,43.0,84.11.21,
3906377308,"ООО ""ЯНТАРЬ-СЕРВИС""",1193926002137,survived,,39.0,68.32.1,10000.0
2901250948,"ООО УК ""ЖКС""",1142901009327,survived,,29.0,68.32,20000.0
3906384979,"ООО УК ""ПРЕСТИЖ""",1193926014556,survived,,39.0,68.20,10000.0
3302003469,"АО ""ВЛАДГАЗКОМПАНИЯ""",1033301802490,survived,,33.0,35.30.14,
3704562555,"АО ""РСО""",1093704000015,survived,,37.0,35.30.14,167683500.0
2461224479,"ООО ""УК ПАВЛОВСКИЙ""",1132468064926,survived,,24.0,68.32,10000.0
0274903131,"ООО УК ""№1""",1150280017931,survived,,2.0,68.32,10000.0
5260162203,"АО ""ДК НИЖЕГОРОДСКОГО РАЙОНА""",1055238198564,survived,,52.0,68.32.1,100000.0
6155921809,"ООО ""ЭНЕРГОТРАНС""",1026102772398,survived,,61.0,35.12,6700085.0
3908603520,"ООО ""УК"" ""БАЛТИЙСКИЙ ДОМ""",1093925010222,survived,,39.0,68.32.1,50000.0
3460060692,"ООО ""УК НАДЕЖДА""",1153443027495,survived,,34.0,68.32,10000.0
9102061908,"ООО ""ЖНИВА""",1149102134400,survived,,91.0,86.90.4,1641550.0
1841100855,"ООО ""УПРАВЛЯЮЩАЯ КОМПАНИЯ ""ДРУЗЬЯ""",1211800017527,survived,,18.0,68.32,10000.0
7708701670,ТУ РОСИМУЩЕСТВА В ГОРОДЕ МОСКВЕ,1097746349535,survived,,77.0,84.11.13,
7743735618,"ООО ""СЕРВИСГРАД""",1097746100792,survived,,77.0,68.32,30000.0
3906133132,"ООО ""ЕВРОСИТИ""",1053902804196,survived,,39.0,68.32,10000.0
6154139772,"ООО ""ТЭК""",1156154003147,survived,,61.0,35.12,10000.0
7728348981,"АО ""НПЭК""",1167746886900,survived,,77.0,06.10.1,380696719.0
1103045728,"ООО УО ""УЮТ"" ГОРОДА ВОРКУТЫ",1191121005107,survived,,11.0,68.32.1,10000.0
7720307180,"ГБУ ""ЖИЛИЩНИК РАЙОНА ПЕРОВО""",1157746573368,survived,,77.0,68.32.1,
7743946827,"ГБУ ""ЖИЛИЩНИК РАЙОНА ВОЙКОВСКИЙ""",5147746369029,survived,,77.0,68.32.1,
6658320970,"ООО ""СОСЬВА - ЛЕС""",1086658023902,survived,,66.0,16.10.1,10000.0
2635812457,"ООО ""УК Г. СТАВРОПОЛЯ""",1122651015882,survived,,26.0,68.32.1,10000.0
6608002732,"ЕМУП ""ГОРТРАНС""",1026605253025,survived,,66.0,49.31.23,214119208.0
7714211088,"ООО ""АГРО-АВТО""",1027700302013,survived,,50.0,49.41.2,3120000.0
7734703698,"ГБУ ""ЖИЛИЩНИК РАЙОНА ХОРОШЕВО-МНЕВНИКИ""",1137746566760,survived,,77.0,68.32.2,
3459082204,"ООО ""УПРАВЛЯЮЩАЯ КОМПАНИЯ ПЛАНЕТА""",1213400005103,survived,,34.0,68.32,10000.0
7714030726,"НАЦИОНАЛЬНЫЙ ИССЛЕДОВАТЕЛЬСКИЙ УНИВЕРСИТЕТ ""ВЫСШАЯ ШКОЛА ЭКОНОМИКИ"", НИУ ""ВЫСШАЯ ШКОЛА ЭКОНОМИКИ"", ВЫСШАЯ ШКОЛА ЭКОНОМИКИ, НИУ ВШЭ, ВШЭ",1027739630401,survived,,77.0,85.22.1,
5038143180,"ООО ""РЕПРОЗЕН""",1195050007008,survived,,50.0,41.20,25000.0
5009051168,"ООО ""РАНД-ТРАНС""",1065009000506,survived,,77.0,49.31,20000.0
3908026672,"ООО ""ВОЛШЕБНЫЙ ДОМ""",1033905802468,survived,,39.0,41.20,10000.0
8602219740,"ООО УК ""ВОЗРОЖДЕНИЕ""",1148602008180,survived,,86.0,68.32,10000.0
8602273024,"ООО ""УК ""ВАШ УЮТНЫЙ ДОМ""",1168617072205,survived,,86.0,68.32,20000.0
5004021787,"АО ""ВОЛОКОЛАМСКОЕ ПТП РЖКХ""",1085004001708,survived,,50.0,35.30.14,103455000.0
7714001193,"РОО ""МГСА""",1037739772080,survived,,77.0,94.99,
9102057281,"ГУП РК ""ВОДА КРЫМА""",1149102120947,survived,,91.0,36.00.1,3559286404.0
3912503800,"МУП ""ЭО-ЯНТАРНЫЙ""",1133926032602,survived,,39.0,35.30.14,5621807.0
7719895787,"ГБУ ""ЖИЛИЩНИК РАЙОНА ВОСТОЧНОЕ ИЗМАЙЛОВО""",5147746347007,survived,,77.0,82.99,
3327827595,"ООО ""КЭЧ""",1063327014849,survived,,33.0,68.32.1,50000.0
6433007712,"МКП ""ККС СМР""",1216400001058,survived,,64.0,35.30.14,
5257077830,"АО ""ДК КАНАВИНСКОГО РАЙОНА""",1055230097559,survived,,52.0,68.32.1,100000.0
6672337623,"ООО ""СТМ-СЕРВИС""",1116672008661,survived,,66.0,30.20.9,59033370.0
5263095330,"ООО ""МЭСК""",1125263006395,survived,,52.0,35.14,1600000.0
7726665079,"ООО УК ""СВИТХОМ""",1107746926308,survived,,77.0,68.32,2000000.0
3913500143,"ООО ""КУРС +""",1083925009695,survived,,39.0,68.32,20000.0
6902025678,"АО ""ТКСМ №2""",1026900523242,survived,,69.0,23.64,669822.0
3250527412,"ООО ""УК ""СЛАВЯНСКАЯ""",1113256020811,survived,,32.0,68.32,10000.0
7430012459,"МУП ""ГАРАНТ""",1097430000425,survived,,74.0,36.00.1,100000.0
6949109299,"МУП ""КОММУНАЛЬНЫЕ СИСТЕМЫ КАЛИНИНСКОГО ОКРУГА""",1176952003381,survived,,69.0,35.30.14,242355.0
7710034310,"АО ""МОСПРОМСТРОЙ""",1027739028943,survived,,77.0,41.20.1,120000000.0
7724941534,"ГБУ ""ЖИЛИЩНИК РАЙОНА ЧЕРТАНОВО ЮЖНОЕ""",5147746267917,survived,,77.0,68.32.1,
3906974015,"ООО ""ЖИЛКОМФОРТ""",1153926033964,survived,,39.0,68.32.1,10000.0
7204159176,"ООО ""УК ""ДРУЖБА""",1107232031939,survived,,72.0,68.32,10000.0
1901016985,КМЭ Г.АБАКАНА,1021900519442,survived,,19.0,84.11.35,
7704527413,"ООО ""НОВЫЙ ГОРОД""",1047796572438,survived,,69.0,68.32.1,29412.0
7900001828,ДСИЖКХ ПРАВИТЕЛЬСТВА ЕАО,1027900511209,survived,,79.0,84.11.21,
3459000603,"ООО УК ""МИШИНО""",1133443001020,survived,,34.0,68.32.1,10000.0
1101164208,"ООО УК ""АСС""",1191121001543,survived,,11.0,68.32.1,10000.0
7734435907,"ООО ""УК ГОРОДСКИЕ УСАДЬБЫ-ЦЕНТР""",1207700273648,survived,,77.0,68.32.1,100000.0
3461012363,"ООО ""ПАРАДИГМА""",1143443032688,survived,,34.0,68.32.1,10000.0
6911003166,"ООО ""УК ЖИЛОЙ КОМПЛЕКС""",1026901730965,survived,,69.0,68.32,48914.0
5261046908,"АО ""ДК ПРИОКСКОГО РАЙОНА""",1055244061014,survived,,52.0,68.32.1,100000.0
7726030449,"АО ""НРК-Р.О.С.Т.""",1027739216757,survived,,77.0,66.11.3,111898000.0
3912008806,"ООО ""ЭКСПЛУАТАЦИЯ ЖИЛЬЯ""",1023902051227,survived,,39.0,68.32,10000.0
4707029682,"ООО ""УПК""",1104707000530,survived,,47.0,52.24.2,5000000.0
1101154432,"ООО ""УПРАВЛЯЮЩАЯ КОМПАНИЯ ГОРОД""",1161101059008,survived,,11.0,68.32.1,10000.0
7736669273,"ГБУ ""ЖИЛИЩНИК РАЙОНА ЛОМОНОСОВСКИЙ""",5137746236799,survived,,77.0,68.32.1,
7718938741,"ГБУ ""ЖИЛИЩНИК РАЙОНА ГОЛЬЯНОВО""",1137746557475,survived,,77.0,68.32.1,
1001040512,МИНЗДРАВ КАРЕЛИИ,1021000528493,survived,,10.0,84.11.21,
7118507920,"ООО ""ТЕХНАРЬ""",1147154041836,survived,,71.0,43.21,10000.0
1501002850,"ГБУЗ ""РОДИЛЬНЫЙ ДОМ №1"" МЗ РСО-АЛАНИЯ",1021500511042,survived,,15.0,86.10,
8602207381,"ООО ""ЮТЕРРА""",1138602013043,survived,,86.0,68.32,10000.0
7819030096,"ООО ""АВТОТРАНСПОРТНАЯ КОМПАНИЯ""",1047829000812,survived,,78.0,77.39.1,216815087.0
5009095550,"ООО ""ДОМТРАНСАВТО""",1145009006053,survived,,50.0,49.31.21,10000.0
2635244780,"ООО УК ""СТАВГРАД""",1202600002483,survived,,26.0,68.32,10000.0
0278917689,"ООО УК ""СТОЛИЦА""",1160280084282,survived,,2.0,68.32,20000.0
4401050567,"АО ""КОСТРОМСКАЯ СБЫТОВАЯ КОМПАНИЯ"", АО ""КСК""",1044408642629,survived,,44.0,35.14,40213273.0
7721314133,"ГБУ ""ЖИЛИЩНИК РАЙОНА КУЗЬМИНКИ""",1157746499426,survived,,77.0,68.32.1,
7725816790,"ГБУ ""ЖИЛИЩНИК ДАНИЛОВСКОГО РАЙОНА""",1147746055423,survived,,77.0,68.32.1,
7714342436,"ГБУ ""ЖИЛИЩНИК ХОРОШЕВСКОГО РАЙОНА""",1157746504596,survived,,77.0,68.32.1,
9102200453,"ООО ""УК ""СТОЛИЦА""",1159102129471,survived,,91.0,68.32.1,60000.0
6950250560,"ООО ""РАДИАН""",1216900006278,survived,,69.0,35.30,10000.0
2465306958,"ООО ""УК ""ВЕСЕННИЙ ДВОР""",1142468007406,survived,,24.0,68.32,20004.0
7728866101,"ГБУ ""ЖИЛИЩНИК РАЙОНА ЯСЕНЕВО""",5137746226932,survived,,77.0,68.32.1,
5032199740,"АО ""ОДИНЦОВСКАЯ ТЕПЛОСЕТЬ""",1085032325542,survived,,50.0,35.30.14,1715272363.0
7735598855,"ГБУ ""ЖИЛИЩНИК ЗЕЛАО""",5137746243905,survived,,77.0,68.32.1,
1109014099,"ООО ""КОМИИНВЕСТПРОМ""",1171101000487,survived,,11.0,16.10.1,200000.0
3460063340,"ТСН ""МИР""",1163443062122,survived,,34.0,68.32,
2125008930,"МУП ""ШПТИВ""",1192130006947,survived,,21.0,35.30.14,500000.0
2204000549,"МУП Г. БИЙСКА ""ВОДОКАНАЛ""",1022200556388,survived,,22.0,37.00,113921574.0
0277071467,"ООО ""БАШКИРЭНЕРГО""",1050204504558,survived,,2.0,35.12.1,10295413770.0
2635234654,"ООО ""ГАММА""",1182651008814,survived,,26.0,68.32,10000.0
7536178951,"ООО ЧАЗ ""ТРУДОВОЙ РЕСУРС""",1197536006722,survived,,75.0,68.32.1,10000.0
5262145725,"АО ""ДК СОВЕТСКОГО РАЙОНА""",1065262001694,survived,,52.0,68.32.1,100000.0
7838116246,МТУ РОСТРАНСНАДЗОРА ПО СЗФО,1237800096170,survived,,78.0,84.11.13,
7721313620,"ГБУ ""ЖИЛИЩНИК РЯЗАНСКОГО РАЙОНА""",1157746494982,survived,,77.0,68.32.1,
4400012431,"ОГКУ ""ЦЗН КОСТРОМСКОЙ ОБЛАСТИ""",1234400000636,survived,,44.0,84.30,
3314007838,"ООО ""АВАНГАРД""",1133304000774,survived,,33.0,35.30.4,10000.0
5618031963,"ГБУЗ ""ВОСТОЧНАЯ ТЕРРИТОРИАЛЬНАЯ МБ""",1215600004707,survived,,56.0,86.10,
2465121770,"ООО УК ""СОВЕТСКАЯ""",1152468010980,survived,,24.0,68.32.1,10000.0
3915500974,"МУП ""ЖКС-Г. БАГРАТИОНОВСКА""",1093925007880,survived,,39.0,68.32.1,100000.0
4345496348,"ООО ""ЖКХ Г. КИРОВА""",1194350011613,survived,,43.0,68.32,10000.0
7714027882,"АО ""ИЛ""",1027739118659,survived,,77.0,72.19,4578472.0
7538001766,"ГУЗ ""УЛЁТОВСКАЯ ЦРБ""",1107538000217,survived,,75.0,86.10,
0275047571,"ООО ""УК ЦЕНТР СИТИ""",1050204116731,survived,,2.0,68.32,10000.0
5047189752,"ООО УК ""ВЫСОТА 4884. СЕРВИС""",1165047060353,survived,,77.0,68.32.1,1000000.0
6167110467,"ГУП РО ""УРСВ""",1136195001227,survived,,61.0,36.00.1,8017000.0
3664062377,УФССП РОССИИ ПО ВОРОНЕЖСКОЙ ОБЛАСТИ,1043600196221,survived,,36.0,84.11.12,
3327822396,"ТСЖ ""НА 3-ЕЙ КОЛЬЦЕВОЙ""",1053301274333,survived,,33.0,68.32.2,
4632064246,"АО ""КУРСКИЕ ЭЛЕКТРИЧЕСКИЕ СЕТИ"" (АО ""КЭС"")",1064632038987,survived,,46.0,35.12.1,183268900.0
4346011123,"ОАО ""КОММУНЭНЕРГО""",1024301316280,survived,,43.0,35.12.1,40602600.0
7203410735,"ООО ""УК ""СТОЛИЦА""",1177232004509,survived,,72.0,68.32,10000.0
2310210989,"ООО ""СЕРДЦЕ ГОРОДА""",1182375098993,survived,,23.0,68.32,10000.0
7521000429,"ГУЗ ""ТУНГОКОЧЕНСКАЯ ЦРБ""",1027500783573,survived,,75.0,86.10,
5250070112,"ООО СК ""ЭНЕРГИЯ""",1185275033250,survived,,52.0,35.14,2500000.0
7733341558,"ООО ""АТЛАС""",1197746369688,survived,,77.0,68.32.1,10000.0
7714924868,"ГБУ ""ЖИЛИЩНИК РАЙОНА АЭРОПОРТ""",1147746002106,survived,,77.0,68.32.1,
7725520440,"ООО ""СК ""РЕНЕССАНС ЖИЗНЬ""",1047796714404,survived,,77.0,65.11,450001000.0
3308004388,"ЗАО ""РАДУГАЭНЕРГО""",1033303400140,survived,,33.0,35.30.14,3300000.0
2901299608,"ООО ""АРХСТРОЙМОНТАЖ""",1192901010048,survived,,29.0,68.32,15000.0
0277095958,"ООО ""БАШЖИЛСЕРВИС""",1080277007062,survived,,2.0,68.32.1,20000.0
7722713660,"АО ""УК ""ГОРОДСКАЯ""",1107746255407,survived,,77.0,68.32.1,100000.0
7704448440,"ООО ""ЯНДЕКС.ДРАЙВ""",5177746277385,survived,,77.0,77.11,100000.0
0273072607,"АО ""УЖХ КАЛИНИНСКОГО РАЙОНА ГО Г.УФА РБ""",1080273007583,survived,,2.0,68.32.1,100000.0
3906382869,"ООО ""ЛУЧШИЙ ДОМ СУЗДАЛЬСКАЯ""",1193926011652,survived,,39.0,68.32,10000.0
6908017419,"МУП ""ОКХ""",1176952019045,survived,,69.0,35.30.14,5500000.0
6168047440,"МУП ""РТК""",1026104370423,survived,,61.0,49.31.21,128077608.0
5603006523,МУП ЖКХ Г. БУЗУЛУКА,1025600576858,survived,,56.0,35.30.14,200000.0
8602289881,"ООО ""ТЕХСЕРВИС""",1188617017643,survived,,86.0,68.32,50000.0
6903039673,"ГКУ ТВЕРСКОЙ ОБЛАСТИ ""ЦЗН ТВЕРСКОЙ ОБЛАСТИ""",1026900581619,survived,,69.0,78.20,
6950154225,"ООО ""НОВЫЙ ДОМ""",1126952020062,survived,,69.0,68.32.1,10000.0
3443141630,"ООО ""ДОМХОЛЛ""",1193443001025,survived,,34.0,68.32,10000.0
1831205496,"ООО ""УК ПРАВИЛЬНАЯ""",1221800005261,survived,,18.0,68.32,10000.0
7601000992,КУМИ МЭРИИ Г.ЯРОСЛАВЛЯ,1027600684100,survived,,76.0,84.11.35,
7715488558,"ГБУ ""ЖИЛИЩНИК РАЙОНА ОТРАДНОЕ""",1157746494960,survived,,77.0,68.32.1,
2634088070,"ООО ""ЖЭУ-7 ""СЕПТИМО""",1092635015901,survived,,26.0,68.32.1,10000.0
4519006185,"ООО ""ЖКХ ЮГО-ЗАПАД""",1134524000148,survived,,45.0,35.3,12000.0
2461032618,"ООО ""УК КИРОВСКАЯ""",1162468085890,survived,,24.0,68.32.1,10000.0
0278186125,"ООО ""ЖИЛФОНДСЕРВИС""",1120280006846,survived,,2.0,68.32.1,12000.0
6950217644,"ООО ""ЦДО""",1186952004348,survived,,69.0,68.32.1,100000.0
7715887873,"ООО ""ЭНЕРГОСИСТЕМА""",1117746835601,survived,,77.0,35.14,70000.0
5040109331,"АО ""РАМЕНСКАЯ ТЕПЛОСЕТЬ""",1115040008621,survived,,50.0,35.30.14,1128743200.0
5047227020,"АО ""МОСТРАНСАВТО""",1195081037777,survived,,50.0,49.31.21,29050724000.0
5260403184,"ООО ""СИТИЛЮКС ПЛЮС""",1145260048812,survived,,52.0,77.12,20000.0
5045021793,"ООО ""МИХНЕВСКАЯ КЕРАМИКА""",1025005921863,survived,,50.0,23.32,10000.0
3510008429,"МУП ""УСЛУГА""",1103536000204,survived,,35.0,37.00,106000.0
7901547930,"ГП ЕАО ""ОБЛЭНЕРГОРЕМОНТ ПЛЮС""",1167901051603,survived,,79.0,35.30.14,4430800.0
7715854959,"ООО ""УК ""ФЕНИКС""",1117746161422,survived,,77.0,68.32,10000.0
1103045848,"ООО ""АЗАЛИЯ""",1191121006603,survived,,11.0,68.32.1,10000.0
3443927632,"ООО ""ЖЭУ 66""",1143443006266,survived,,34.0,68.32,10000.0
7716209662,"ООО ""ЭКСЖИЛ""",1027739168819,survived,,77.0,68.32,15000.0
3444173314,"ООО ""УК ВОРОШИЛОВСКОГО РАЙОНА""",1093444006798,survived,,34.0,68.32.1,10000.0
7727270309,ГУФССП РОССИИ ПО МОСКОВСКОЙ ОБЛАСТИ,1047727043550,survived,,50.0,84.11.13,
7727426620,"ООО ""ТК АВЕНЮ ГРУПП""",1197746527164,survived,,77.0,45.20,20000.0
7107500552,"ООО ""ЭНЕРГОГАЗИНВЕСТ-ТУЛА""",1077154002111,survived,,71.0,35.30.14,100000.0
3321004154,"ГБУЗ ВО ""ПЕТУШИНСКАЯ РБ""",1033301401352,survived,,33.0,86.10,
7727390050,"ООО ""ОРБИТА""",1187746752632,survived,,77.0,81.10,15000.0
1656000493,"АО СК ""АРМЕЕЦ""",1021603615956,survived,,77.0,65.12.3,300000000.0
1103045855,"ООО ""РОЛАНА""",1191121006647,survived,,11.0,68.32.1,10000.0
3448017919,"ООО ""ЛУКОЙЛ-ВОЛГОГРАДНЕФТЕПЕРЕРАБОТКА""",1023404362662,survived,,34.0,19.20.1,501366789.0
1103047115,"ООО УО ""ВОРКУТИНСКАЯ""",1231100001373,survived,,11.0,68.32.1,10000.0
7713798635,"ГБУ ""ЖИЛИЩНИК ТИМИРЯЗЕВСКОГО РАЙОНА""",5147746311510,survived,,77.0,68.32.1,
7736247137,"ГБУ ""ЖИЛИЩНИК ГАГАРИНСКОГО РАЙОНА""",1157746533251,survived,,77.0,68.32.1,
7816228080,"ООО ""ТРАНСОЙЛ""",1037835069986,survived,,78.0,49.20.1,143098000.0
7714617793,"ООО ""СЕТЬ СВЯЗНОЙ""",1057748288850,survived,,77.0,47.42,32143400.0
4512006965,"МУП""ТЕПЛОТРАНС""",1084512000242,survived,,45.0,35.30.14,5000000.0
7424025883,"МУП ""КИЧИГИНСКОЕ ЖКХ""",1087424000773,survived,,74.0,35.30.14,100000.0
3906900800,"ООО ""УПРАВЛЯЮЩАЯ КОМПАНИЯ АЛЬФА""",1153926000227,survived,,39.0,68.32,10000.0
7807329808,"ООО ""ЖИЛКОМСЕРВИС №4 КРАСНОЕ СЕЛО""",1079847079278,survived,,78.0,68.32.1,10000.0
2923007312,"МУП ""ХОЛМОГОРСКАЯ ВОДООЧИСТКА""",1152901006774,survived,,29.0,36.00.1,100000.0
2465034768,"ТСЖ "" РАДОСТЬ """,1022402483729,survived,,24.0,68.32.1,
7900001715,"ОГБУЗ ""ОБЛАСТНАЯ БОЛЬНИЦА""",1027900509097,survived,,79.0,86.10,
4345244654,"ООО ""УК ЖИЛСЕРВИС""",1084345140285,survived,,43.0,68.32.1,10000.0
2129069027,"ООО ""МИРНЫЙ 1""",1052128159269,survived,,21.0,68.32.1,100000.0
6449095062,"ООО ""ЛОМОНОСОВЪ""",1196451019852,survived,,64.0,68.32,20000.0
5038143656,"ООО ""ФАВНАЗ""",1195050007591,survived,,50.0,62.01,30000.0
0275910815,"ООО УК ""БГС""",1170280021251,survived,,2.0,68.32,15600.0
7704275614,"АССОЦИАЦИЯ ""ОБЪЕДИНЕНИЕ ГЕНПОДРЯДЧИКОВ В СТРОИТЕЛЬСТВЕ""",1087799040230,survived,,77.0,94.12,
7707820378,"ООО ""ПРОФСЕРВИСТРЕЙД""",5137746135335,survived,,77.0,35.14,150000.0
6913017608,"ООО УК ""СЕЛИГЕРКОМСЕРВИС""",1216900005431,survived,,69.0,68.32,50000.0
7519004666,"ООО ""ТВК""",1147513000139,survived,,75.0,35.30.14,12000.0
2446001206,МУПЭС,1022401253544,survived,,24.0,35.30.14,38564154.0
1007023619,"МУП ""ЖКХ СМО""",1151035000160,survived,,10.0,36.00.1,526000.0
3309001171,"ГБУЗ ВО ""СОБИНСКАЯ РБ""",1023302352150,survived,,33.0,86.10,
0107019540,"ООО ""МАЙКОПСКАЯ ТЭЦ""",1100107001280,survived,,1.0,35.12,80000.0
3905090729,"ООО ""РАСЧЕТНЫЙ ЦЕНТР ""ЭГИДА- СТРОЙ -ИНВЕСТ""",1143926051763,survived,,39.0,82.99,10000.0
7729524407,"ООО ""ЮНИСЕРВИС""",1057746700274,survived,,77.0,68.32.1,10000.0
1841004975,МТУ РОСИМУЩЕСТВА В УДМУРТСКОЙ РЕСПУБЛИКЕ И КИРОВСКОЙ ОБЛАСТИ,1091841004617,survived,,18.0,84.11.8,
7531006317,"ООО ""БЛАГОУСТРОЙСТВО+""",1117538001019,survived,,75.0,35.30.14,10000.0
3025035650,"МУП ""ИКРЯНИНСКОЕ КЭП""",1193025003335,survived,,30.0,36.00.2,150000.0
3704007488,"МУП ГАВРИЛОВО-ПОСАДСКОГО ГОРОДСКОГО ПОСЕЛЕНИЯ ""АКВА ГОРОД""",1143704000043,survived,,37.0,36.00.2,11639041.0
6950040612,"ООО ""ЭНЕРГОРЕСУРС""",1156952020180,survived,,69.0,35.30,10000.0
3444145395,"ТСЖ ""КВАРТАЛ №6 """,1073400000717,survived,,34.0,68.32.1,
3328029461,"ООО ""РТЭК +""",1223300008568,survived,,33.0,68.32.1,10000.0
1326256627,"ООО УК ""ЛИГА""",1211300001098,survived,,56.0,43.29,11100.0
3903010414,КМИ И ЗР,1023900592759,survived,,39.0,84.11.35,
2635831146,"ООО УК ""ПРОСПЕКТ""",1142651016474,survived,,26.0,68.32,10000.0
5836631600,"АО ""ПЕНЗТЕПЛОСНАБЖЕНИЕ""",1085836002900,survived,,58.0,35.30.14,545968240.0
3013002956,"МП ""ТЕПЛОСЕТИ""",1023000803715,survived,,30.0,35.30.14,5947623.0
7814148471,"ООО ""ЛЕНТА""",1037832048605,survived,,78.0,47.11,1271714853.0
3254502641,"ООО ""ЖИЛСЕРВИС""",1083254010256,survived,,32.0,68.32.1,10000.0
6625052243,"ООО ""ДАНИЛОВСКОЕ""",1096625000856,survived,,66.0,68.32,10000.0
7506000142,"ГУЗ ""КАЛАРСКАЯ ЦРБ""",1027500562880,survived,,75.0,86.10,
3908604972,"ООО ""УК СТАРЫЙ ГОРОД""",1093925028427,survived,,39.0,68.32,30000.0
3444048176,"ФГБОУ ВО ""ВГАФК""",1023403457417,survived,,34.0,85.22.1,
2310167003,"ООО УК ""КРАСНОДАРПРОЕКТСТРОЙ""",1132310000547,survived,,23.0,68.32,20000.0
7731284671,"ГБУ ""ЖИЛИЩНИК МОЖАЙСКОГО РАЙОНА""",1157746514375,survived,,77.0,68.32.1,
7724941541,"ГБУ ""ЖИЛИЩНИК РАЙОНА БИРЮЛЕВО ВОСТОЧНОЕ""",5147746267928,survived,,77.0,68.32.1,
7714343246,"ГБУ ""ЖИЛИЩНИК РАЙОНА БЕГОВОЙ""",1157746528830,survived,,77.0,68.32.1,
3257008092,"ООО ""ПРОФГАРАНТ""",1133256012416,survived,,32.0,68.32.1,10000.0
3328024880,"ООО ""ВТГ-ВОДА""",1203300004797,survived,,33.0,36.00.2,10000.0
3906091299,"ООО ""Р.П. ЭНЕРГО""",1023901006381,survived,,39.0,68.32.1,10500.0
0245021015,"ООО ЖКХ ""ШЕМЯК""",1090280031203,survived,,2.0,35.30.14,15000.0
7813419263,"ООО ""ЖКС №1 ПЕТРОГРАДСКОГО РАЙОНА""",1089847268983,survived,,78.0,68.32.1,100000.0
7717799012,"ГБУ ""ЖИЛИЩНИК АЛЕКСЕЕВСКОГО РАЙОНА""",5147746301038,survived,,77.0,68.32.1,
7701285928,"ООО ""ЛУКОЙЛ-ЦЕНТРНЕФТЕПРОДУКТ""",1027700000679,survived,,77.0,47.30,2379785955.0
3245510420,"МУП ""ВОЗРОЖДЕНИЕ""",1133256000437,survived,,32.0,36.00.2,100000.0
6915002283,"МУП ГОРОДА ТОРЖКА ""ГОРЭНЕРГО""",1026901917668,survived,,69.0,35.30.14,
7601001097,ДГХ МЭРИИ Г. ЯРОСЛАВЛЯ,1027600677994,survived,,76.0,84.11.35,
3023023578,"МУП ""ТЕПЛОСНАБЖЕНИЕ"" МО ""ГОРОД НАРИМАНОВ""",1203000003304,survived,,30.0,35.30.14,518522.0
3443147640,"ООО ""ЦИТАДЕЛЪ""",1213400010141,survived,,34.0,69.10,10000.0
7516003311,"ООО ""МЕТАЛЛСТРОЙМОНТАЖ""",1197536005886,survived,,75.0,43.22,10000.0
7529012779,"ООО ""АКВАСТОКИ""",1157505010079,survived,,75.0,37.00,20000.0
9715270139,"ООО ""ТРАНС-ГРУПП""",1167746763337,survived,,77.0,42.99,10000.0
2364011796,"ООО ""АКТОН""",1152364000381,survived,,23.0,35.12,10000.0
7705699768,"ООО ""КВАТРОПЛЮС""",1057749119944,survived,,77.0,61.10,10000.0
1103045372,"ООО ""УК ИМПЕРИЯ""",1181121002281,survived,,11.0,68.32.1,10000.0
6914019277,"ГУП ""ДЕЗ""",1176952000620,survived,,69.0,36.00.1,663000.0
7702847506,"ГБУ ""ЖИЛИЩНИК МЕЩАНСКОГО РАЙОНА""",5147746267939,survived,,77.0,68.32.1,
7743912271,"ГБУ ""ЖИЛИЩНИК РАЙОНА СОКОЛ""",1147746015042,survived,,77.0,81.29.9,
2308171570,МТУ РОСИМУЩЕСТВА В КРАСНОДАРСКОМ КРАЕ И РЕСПУБЛИКЕ АДЫГЕЯ,1102308008330,survived,,23.0,84.11.12,
7719896484,"ГБУ ""ЖИЛИЩНИК РАЙОНА СЕВЕРНОЕ ИЗМАЙЛОВО""",5147746379810,survived,,77.0,68.32.1,
5036032485,"ООО ""АВТОМИГ""",1025004705241,survived,,20.0,49.31.21,1508400.0
2122000210,"МУП ""АПОК И ТС""",1022101628592,survived,,21.0,35.30.14,100000.0
3900003761,"ООО ""УК СЕРВИСГРАД""",1223900012126,survived,,39.0,68.32,10000.0
4407006268,ОГБУЗ ШАРЬИНСКАЯ ЦРБ,1034460362397,survived,,44.0,86.10,
4611002143,"ОБУЗ ""КУРСКАЯ ЦРБ""",1034637009791,survived,,46.0,86.10,
3328435880,"ООО ""ВЛАДТЕКС-ЭКСПОРТ""",1053301540863,survived,,33.0,13.20.13,10000.0
7728308153,"ООО ""ФИРМА""",1157746729238,survived,,77.0,49.41,25000.0
2225018307,КЖКХ Г.БАРНАУЛА,1022201760635,survived,,22.0,68.32.1,
2311148194,"ООО ""РЕМСТРОЙСЕРВИС""",1122311009985,survived,,23.0,68.32.1,10000.0
6950185150,"ООО ""ГУК МОСКОВСКОГО РАЙОНА ГОРОДА ТВЕРИ""",1146952014770,survived,,69.0,68.32.1,10000.0
3444074120,"ТСЖ ""МЕДИК""",1023403459980,survived,,34.0,68.32.1,
7718965329,"ГБУ ""ЖИЛИЩНИК РАЙОНА БОГОРОДСКОЕ""",1147746064300,survived,,77.0,68.32.1,
6317067012,"ООО ""НК ""ДЕЛЬТА-НАФТА""",1066317035080,survived,,11.0,06.10.1,117461636.0
9105012465,"ООО ""РЕГИОНАЛЬНАЯ УПРАВЛЯЮЩАЯ КОМПАНИЯ""",1159102071754,survived,,91.0,68.32.1,40000.0
2376004271,"МУП ""ТЭК КРЫМСКОГО РАЙОНА""",1212300047662,survived,,23.0,35.30.14,106600000.0
3906384873,"ООО ""МНОГОКВАРТИРНЫЙ ДОМ ПЕРСПЕКТИВА""",1193926014435,survived,,39.0,68.32.1,11000.0
7817031418,"АО ""ИТЗ""",1027808751849,survived,,78.0,24.20.2,1537863168.0
1435241490,"ООО УК ""АКВЕДУК""",1111435005714,survived,,14.0,68.32.1,20000.0
7206042208,"МУП ""ТУРТАССКОЕ КП""",1157232023046,survived,,72.0,35.30.11,8632200.0
2463068923,"ООО УК ""АВЕНСИС""",1042402219408,survived,,24.0,68.32.1,10000.0
6623140695,"МУНИЦИПАЛЬНОЕ УНИТАРНОЕ ПРЕДПРИЯТИЕ ""ГОРНОУРАЛЬСКАЯ ТЕПЛОСНАБЖАЮЩАЯ КОМПАНИЯ""",1226600030579,survived,,66.0,35.30.14,500000.0
0261052839,"ООО ""УК ЛУЧШИЙ ГОРОД""",1210200057858,survived,,2.0,68.32,12500.0
3444071739,"ТСЖ ""КВАРТАЛ 42-Б-ПРИМ""",1023403450157,survived,,34.0,68.32.1,
3441041479,"ООО УК ""ПРЕОБРАЖЕНИЕ""",1113459002656,survived,,34.0,68.32.1,10000.0
1840040787,"ООО ""УК ГАРАНТСЕРВИС""",1151840006284,survived,,18.0,68.32.1,10000.0
7731288482,"ГБУ ""ЖИЛИЩНИК РАЙОНА ФИЛИ-ДАВЫДКОВО""",1157746682610,survived,,77.0,68.32.1,
7743911736,"ГБУ ""ЖИЛИЩНИК РАЙОНА ЗАПАДНОЕ ДЕГУНИНО""",5137746252727,survived,,77.0,68.32.1,
7725136315,"ООО ""ТД ЕПК""",1027700136859,survived,,77.0,46.90,6000000.0
7704871840,"АО ""КАРШЕРИНГ""",1147746934972,survived,,77.0,62.02.1,500000.0
7709963597,"ООО ""ГРС""",5147746155750,survived,,77.0,82.99,51000000.0
3510008411,"МУП ""КАДУЙ ТЕПЛОСЕТЬ""",1103536000193,survived,,35.0,35.30.3,105000.0
3909001053,"НГМУП""ТЕПЛОСЕТЬ""",1093914001290,survived,,39.0,35.30.14,99506872.0
5011025214,"МУП КХ ""ЕГОРЬЕВСКИЕ ИНЖЕНЕРНЫЕ СЕТИ""",1055002010172,survived,,50.0,35.30.14,1142538643.0
2463231344,"ООО УК ""ОКТЯБРЬСКАЯ-КРАСНОЯРСК""",1112468056249,survived,,24.0,68.32.1,30000.0
3703023543,"ООО ""ТСК""",1203700000976,survived,,37.0,35.30.14,10000.0
3459009652,"ТСН ""НВФ-37А""",1143443010590,survived,,34.0,68.32.1,
7724297990,"АССОЦИАЦИЯ ""АРХИТЕКТУРНОЕ НАСЛЕДИЕ""",1097799004577,survived,,77.0,94.12,
3403022612,"МП ""ЕРЗОВСКОЕ""",1073455001146,survived,,34.0,35.30.14,73232222.0
0278100590,"ООО УК ""КД""",1040204594506,survived,,2.0,68.32,10000.0
3443074166,"ТСН (ЖИЛЬЯ) ""КВАРТАЛ 122""",1063400027877,survived,,34.0,68.32.1,
7728848617,"ГБУ ""ЖИЛИЩНИК РАЙОНА АКАДЕМИЧЕСКИЙ""",1137746572303,survived,,77.0,68.32.1,
2536100593,"МУПВ ""ЦЕНТРАЛЬНЫЙ""",1022501283023,survived,,25.0,68.32.1,3032000.0
7701054053,СРО АСО ПОСО,1097799011177,survived,,77.0,94.12,
7727846494,"ГБУ ""ЖИЛИЩНИК РАЙОНА ЗЮЗИНО""",5147746240417,survived,,77.0,68.32.1,
7733904240,"ГБУ ""ЖИЛИЩНИК РАЙОНА СЕВЕРНОЕ ТУШИНО""",5147746421169,survived,,77.0,68.32.1,
7743894047,"ГБУ ""ЖИЛИЩНИК РАЙОНА ХОВРИНО""",1137746573733,survived,,77.0,68.32.1,
7708803304,"ГБУ ""ЖИЛИЩНИК КРАСНОСЕЛЬСКОГО РАЙОНА""",5137746187541,survived,,77.0,68.32.1,
3441034295,"ЖСК ""СТАРТ-2""",1083459003583,survived,,34.0,68.32.1,
3435140538,"ООО ""УК КОНТУР""",1213400001957,survived,,34.0,68.32,10000.0
1903018184,"ООО ""ЖЭУ-1""",1081903000520,survived,,19.0,68.32.1,10000.0
3702724352,"ООО ""КОМСТАР""",1143702006910,survived,,37.0,68.32.1,10000.0
6950195736,"ООО ""ЭНЕРГОАЛЬЯНС""",1166952066016,survived,,69.0,35.30.14,10000.0
3444273397,"ООО ""УК ""ЦЕНТРВОЛГА""",1193443015567,survived,,34.0,68.32,100000.0
7731112390,"ООО ""САМОЛЕТ-СЕРВИС""",1157746068281,survived,,77.0,68.32.1,10000.0
0707020690,"МУП ""ВОДРЕСУРС""",1210700003029,survived,,7.0,36.00.1,100000.0
2901302988,"ООО ""УК ""СОЮЗ""",1202900005648,survived,,29.0,68.32.1,20000.0
6913006959,МП ЖКХ ЗАТО СОЛНЕЧНЫЙ,1026901809538,survived,,69.0,68.32.1,
1510018279,"ООО ""АЛАНИЯДОРСТРОЙ""",1171513006983,survived,,15.0,81.21,100000.0
5262387925,"ГКУ НО ""НЦЗН""",1225200032573,survived,,52.0,78.10,
1402025247,"ООО ""УК ""СПЕЦКОМСЕРВИС""",1191447013273,survived,,14.0,68.32.1,10000.0
3448046846,"ООО ""ЖЭУ-30""",1093461001490,survived,,34.0,68.32.1,40000.0
0274941480,"ООО ""КОАЛИЦИЯ""",1180280064843,survived,,2.0,68.32,10000.0
6901086759,"ООО УК ""ЗАСТАВА""",1056900140263,survived,,69.0,68.32,10000.0
5044091205,"ООО ""УК НОВОМОСКОВСКОГО ОКРУГА ""УЮТНЫЙ ДОМ""",1145044001904,survived,,77.0,68.32.1,12500.0
7734715220,"ГБУ ""ЖИЛИЩНИК РАЙОНА ЩУКИНО""",5137746235611,survived,,77.0,68.32.1,
6915000938,"ОАО ""ПОЖТЕХНИКА""",1026901915369,survived,,69.0,29.10.5,
7715488815,"ГБУ ""ЖИЛИЩНИК РАЙОНА БИБИРЕВО""",1157746499415,survived,,77.0,68.32.1,
1102080110,"МУП ""УХТАСЕРВИС""",1181101000112,survived,,11.0,68.32.1,1700000.0
0278909712,"ООО ""ГОРОДСКАЯ УПРАВЛЯЮЩАЯ КОМПАНИЯ""",1150280060743,survived,,2.0,68.32.1,10000.0
3255520690,"ООО ""СЦБ""",1123256018995,survived,,32.0,68.32.1,30000.0
3816028260,"ООО ""КОММУНАЛЬНЫЕ СИСТЕМЫ ГОРОДА ТУЛУНА""",1173850010938,survived,,38.0,35.30.14,10000.0
3704006100,"ООО УК ""КОМФОРТ- СЕРВИС""",1113704000915,survived,,37.0,68.32,450000.0
3025003760,"ООО ""ЭКОПРОДУКТ""",1123025001934,survived,,30.0,46.33,11000.0
1505005556,"ГБУЗ ""АЛАГИРСКАЯ ЦРБ"" МЗ РСО-А",1021500823849,survived,,15.0,86.10,
4345521957,"ООО УПРАВЛЯЮЩАЯ КОМПАНИЯ ""ПЛАН""",1224300008998,survived,,43.0,68.32.1,40000.0
3702202980,"ООО ""НТС""",1183702014165,survived,,37.0,35.30,10000.0
6950243877,"ООО УК ""МИР""",1206900011670,survived,,69.0,68.32.1,10000.0
6950259997,"ООО ""ВАШ ДОМ""",1226900005947,survived,,69.0,68.32.1,10000.0
6621011743,"АРТЕЛЬ СТАРАТЕЛЕЙ ""НЕВЬЯНСКИЙ ПРИИСК""",1069621003132,survived,,66.0,07.29.4,115000.0
5074046552,"ООО ""УК ""ШИШКИН ЛЕС""",1125074002899,survived,,77.0,68.32.1,40000.0
1828027910,"МУП ""ТС""",1161832056473,survived,,18.0,35.30.14,19981000.0
2463106015,"ООО ""УК СЕРВИС-ГРАД""",1172468002695,survived,,24.0,68.32.1,10000.0
3459079314,"ООО УК ""ВОЛЖСКИЙ КРАЙ""",1193443011893,survived,,34.0,68.32,10000.0
5190083562,"ООО ""СЕВЖИЛСЕРВИС""",1205100002227,survived,,51.0,68.32,10000.0
0274109779,"ООО ""ДРУЖБА""",1060274009597,survived,,2.0,68.32,10000.0
7720315293,"ООО ""УК М. Р-Н ""СОКОЛИНАЯ ГОРА""",1157746843561,survived,,77.0,68.32.1,615700.0
1400004509,"ООО ""ДСК""",1221400000964,survived,,14.0,68.32.1,20000.0
5638029384,"МП ""ЧКАЛОВ - СЕРВИС"" МО ЧКАЛОВСКИЙ СЕЛЬСОВЕТ",1065638002836,survived,,56.0,35.30.3,100000.0
5105032707,"МУП ""КИЛЬДИНСТРОЙ""",1135105000975,survived,,51.0,35.30.14,463606.0
1435309205,"ООО ""ЖКХ ""АЛЬТЕРНАТИВА""""",1161447057969,survived,,14.0,35.30.14,10000.0
2232009575,"МУП АЛТАЙСКОГО СЕЛЬСОВЕТА ""АЛТАЙСКИЙ КОММУНАЛЬЩИК""",1092203001330,survived,,22.0,38.11,352797.0
2348042660,"МУП ""ККС""",1212300011912,survived,,23.0,36.00.1,100000.0
6910015306,"МУП ""ГОРОДСКОЕ ХОЗЯЙСТВО""",1056908025437,survived,,69.0,35.30.14,702000.0
3428983022,"ТСН ""ВОДСТРОЕВЕЦ""",1033400714995,survived,,34.0,68.32.2,
3407110309,"МУП ""ЛИНЕВСКИЙ КОММУНАЛЬНЫЙ КОМПЛЕКС""",1083453000850,survived,,34.0,35.30.14,186000.0
7816223580,"ООО ""СКАЙНЭТ""",1037835054190,survived,,78.0,61.10.3,10000.0
7810919204,"ООО ""ДЖИДЭЛ""",1217800077219,survived,,78.0,77.11,1010000.0
7714981136,"ООО ""СНЕЖОК+ААА""",1177746256269,survived,,77.0,77.11,3333500.0
3310004593,"ООО ""УНИВЕРСАЛ СТРОЙ""",1053302717786,survived,,33.0,68.32,33000.0
3444109647,"ТСН ""ТСЖ ""КОМУС""",1033400336177,survived,,34.0,68.32.2,
6952316640,"ООО ""ИНКОМ ДОМ ТВЕРЬ""",1196952005447,survived,,69.0,68.32.1,10000.0
0272907028,"ООО ""ПЕРВАЯ УК""",1170280046232,survived,,2.0,68.31,10000.0
1903018089,"ООО ""ЖЭУ-7""",1081903000431,survived,,19.0,68.32.1,10000.0
7721818162,"ГБУ ""ЖИЛИЩНИК ВЫХИНО РАЙОНА ВЫХИНО-ЖУЛЕБИНО""",5137746246303,survived,,77.0,68.32.1,
0273917220,"ООО УК ""ЕДИНСТВО""",1170280077065,survived,,2.0,68.32,25000.0
7704799174,"ООО ""ОКС""",1127746012085,survived,,37.0,36.00.2,400000.0
3455051734,"МУП ""ЖКХ ГОРОДИЩЕНСКОГО РАЙОНА""",1163443051969,survived,,34.0,35.30.14,3215000.0
7730698817,"ГБУ ""ЖИЛИЩНИК РАЙОНА ФИЛЕВСКИЙ ПАРК""",5137746233048,survived,,77.0,68.32.1,
7715488540,"ГБУ ""ЖИЛИЩНИК БУТЫРСКОГО РАЙОНА""",1157746494938,survived,,77.0,68.32.1,
1103006630,"ООО ""ОРБИТАЛ""",1021100811203,survived,,11.0,47.11,10000.0
7704878309,"ГБУ ""ЖИЛИЩНИК РАЙОНА АРБАТ""",5147746267906,survived,,77.0,68.32.1,
7722329372,"ГБУ ""ЖИЛИЩНИК РАЙОНА ЛЕФОРТОВО""",1157746494730,survived,,77.0,68.32.1,
3907210213,"ООО ""УК МИРАНДА""",1103925016876,survived,,39.0,68.32.1,20000.0
0902009354,"РГБУЗ ""КЦГРБ""",1020900777996,survived,,9.0,86.10,
7412014855,"МП ""ГОРКОМХОЗ""",1107412000838,survived,,74.0,36.00.1,120000.0
1015009745,"МБУ ЖКХ ""ПУДОЖСКОЕ""",1171001010564,survived,,10.0,81.10,
7725413488,"ООО ""РЕНТ КАБ""",5177746399672,survived,,77.0,49.41,10000.0
2311146895,"ООО УК ""КУБАНЬ""",1122311007697,survived,,23.0,68.32,10000.0
3433001000,"ГБУЗ ""ЧЕРНЫШКОВСКАЯ ЦРБ""",1023405966264,survived,,34.0,86.10,
7810307307,"ООО ""КТВ""",1037821120260,survived,,78.0,60.20,802000.0
4345484818,"ООО ""БЛАГО""",1184350012384,survived,,43.0,68.32.1,10000.0
6950244013,"ООО ""БАЗИС""",1206900011878,survived,,69.0,35.30,10000.0
2901172376,"ООО ""УК САДОВЫЙ РАЙОН""",1072901016726,survived,,29.0,68.32.1,20000.0
3428983840,"МУП ""ЖКХ СРЕДНЕАХТУБИНСКОГО РАЙОНА""",1043400664450,survived,,34.0,36.00.2,959771.0
3023021098,"ООО ""ЮЖНЫЙ РЕГИОН""",1183025005602,survived,,30.0,77.11,10000.0
6950229985,"ООО УК ""СЕВЕРО-ЗАПАД""",1196952008351,survived,,69.0,68.32.1,10000.0
9717015783,"ООО ""КОММУНАЛЬНЫЙ СЕРВИС""",1167746154916,survived,,77.0,68.32,50000.0
7723887901,"ООО ""УК ""ЖИЛИЩЕ""",5137746005799,survived,,77.0,68.32.1,20000.0
3525432133,"МКУ ""УКСИР""",1183525035792,survived,,35.0,52.21.29,
7727178374,"ГБУ ""ЖИЛИЩНИК РАЙОНА ЧЕРЕМУШКИ""",1157746481133,survived,,77.0,68.32.1,
3702147426,"ООО ""ДВОРЯНКА""",1163702057837,survived,,37.0,68.32,19608.0
0107023995,"ООО ""ТАХТАМУКАЙРАЙВОДОКАНАЛ""",1130107000495,survived,,1.0,68.32,11000.0
1840042819,"ООО УК ""ДОМОФОНД""",1151840008352,survived,,18.0,68.32.1,10000.0
7723928805,"ГБУ ""ЖИЛИЩНИК РАЙОНА ЮЖНОПОРТОВЫЙ""",5147746417320,survived,,77.0,68.32.1,
7743946810,"ГБУ ""ЖИЛИЩНИК РАЙОНА КОПТЕВО""",5147746368930,survived,,77.0,68.32.1,
7705874145,"ГБУ ""ЖИЛИЩНИК РАЙОНА ЗАМОСКВОРЕЧЬЕ""",5137746116646,survived,,77.0,68.32.1,
1103019252,"АО ""ВОРКУТАУГОЛЬ""",1021100807452,survived,,11.0,05.10.22,3504808.0
7704217370,"ООО ""ИНТЕРНЕТ РЕШЕНИЯ""",1027739244741,survived,,77.0,73.11.9,916184837.0
1101485963,"ГАУ РК ""ЦСПСК""",1031100431669,survived,,11.0,93.19,
1402023698,"ООО""УК ""ЛЕНИНСКИЙ""",1181447008280,survived,,14.0,68.32.1,10000.0
5609183938,"ООО ""ТЕПЛОСТРОЙ ПЛЮС""",1165658079300,survived,,56.0,35.30,10000.0
9725081726,"ООО ""ФОРМАТ""",1227700233419,survived,,77.0,41.20,1000000.0
2320180860,"ООО ""ГРИН-ВЭЙ""",1102366001605,survived,,23.0,68.32.1,20000.0
2901302219,"ООО ""РАЙОННЫЙ ВОДОКАНАЛ""",1202900004405,survived,,29.0,36.00.1,10000.0
2901201570,"ООО ""УК ""ПРОГРЕСС""",1102901002731,survived,,29.0,68.32.1,25000.0
2111002575,"МУП ЖКУ ""МАРИИНСКИЙ""",1172130017311,survived,,21.0,35.30.14,100000.0
2462216706,"ООО УК ""ВЕКТОР""",1112468032820,survived,,24.0,68.32.1,10000.0
6113014830,МП ЖКХ КАГАЛЬНИЦКОГО СЕЛЬСКОГО ПОСЕЛЕНИЯ,1026101067794,survived,,61.0,36.00.2,107000.0
3435440404,"СНТ ""КОММУНАЛЬНИК""",1023402022962,survived,,34.0,68.32.2,
3702615089,"ООО ""УК ""ЮТ""",1103702008937,survived,,37.0,68.32,40000.0
2464130726,"ООО ""УК ""УТИНЫЙ ПЛЕС""",1162468108714,survived,,24.0,68.32,10000.0
2901300405,"ООО ""УК ГИАЛИТ""",1202900001028,survived,,29.0,68.32.1,10000.0
2634103190,"ООО ""СЕМЬ-Я""",1182651015910,survived,,26.0,68.32.1,20000.0
3441028414,"ТСЖ ""ФЛОТИЛИИ-27""",1053477255589,survived,,34.0,68.32.1,
3435112273,"ООО ""ЭС""",1113435011800,survived,,34.0,68.32,50000.0
2320244666,"ООО УК ""ЭКСПЕРТ""",1162375057833,survived,,23.0,68.32,10000.0
7708275005,"ООО ""УК ""НИКА""",5157746124872,survived,,77.0,68.32.1,100000.0
6714004298,"ОГБУЗ ""СМОЛЕНСКАЯ ЦРБ""",1026701457375,survived,,67.0,86.10,
3305795519,"ООО ""УК ""ДОВЕРИЕ""",1163328059509,survived,,33.0,68.32,20000.0
6950157459,"ООО ""УК ДВП ЦЕНТР""",1126952025881,survived,,69.0,68.32.1,10000.0
6950236083,"ООО ""УК ""ЛУЧШИЙ ДОМ""",1196952018152,survived,,69.0,68.32,10000.0
5259047735,"АО ""ДК МОСКОВСКОГО РАЙОНА""",1055236075520,survived,,52.0,68.32.1,100000.0
3444273527,"ООО ""НОВЫЙ ДОМ""",1203400000275,survived,,92.0,68.32.1,10000.0
3459080119,"ООО ""УНИКОМ""",1203400001892,survived,,34.0,68.32.1,10000.0
3460017714,"ТСЖ ""РОДНОЙ ДОМ""",1143443024955,survived,,34.0,68.32.1,
3448045313,"ООО ""ПАРТНЕР""",1083461004395,survived,,34.0,68.32.1,20000.0
5048052077,"ГУП МО ""ЧЕХОВСКОЕ ЖКХ""",1035009950150,survived,,50.0,68.32.1,442647000.0
7713398637,"ГБУ ""ЖИЛИЩНИК БЕСКУДНИКОВСКОГО РАЙОНА""",1157746503815,survived,,77.0,68.32.1,
5001091458,"ООО ""ГРАНЕЛЬЖКХ""",1125001005700,survived,,50.0,68.32.1,10000.0
1402024860,"ООО ""УК ""РЭС""",1191447008312,survived,,14.0,68.32.1,10000.0
2367031470,"ООО ""МЕЧТА ЮГ""",1232300033778,survived,,23.0,68.32.1,10000.0
7838025743,"ООО ""АРИЯ ТВ""",1047833024029,survived,,78.0,61.1,1000000.0
3412302165,"МУП ""РАСПОПИНСКОЕ КХ""",1093455001034,survived,,34.0,36.00.2,118778.0
5044089069,"ООО ""ЭНЕРГОСИСТЕМЫ""",1135044003709,survived,,50.0,43.21,10000.0
2286004439,"МКП ХАБАРСКОГО РАЙОНА ""КОММУНАЛЬЩИК""",1212200024629,survived,,22.0,35.30.11,
7810204213,"ООО ""ОБИТ""",1037821038860,survived,,78.0,61.10.3,
2337034674,"ООО ""ВК""",1162337050204,survived,,23.0,37.00,19246000.0
1832040350,"ООО ""УК ""ЖРП-МАСТЕР""",1041800760825,survived,,18.0,68.32.1,10000.0
4101127829,"ООО ""ЭНЕРГОРЕСУРС-М""",1084101006131,survived,,41.0,68.32.1,11000.0
2463100542,"ООО ""КРАСЭЛЕКТРОСЕТЬ""",1162468066980,survived,,24.0,35.12,10000.0
1511026674,"ООО УК ""Т.С.Ж. ПЕРВЕНЕЦ""",1151511000244,survived,,15.0,68.32.1,10000.0
3460015918,"ООО ""УК ""ТЭРА""",1143443015781,survived,,34.0,68.32,10000.0
4345380329,"ООО ""УК ""ПАРИТЕТ""",1144345004902,survived,,43.0,68.32.1,50000.0
0277028260,"ООО ""СТРОЙКОМПЛЕКТ""",1030204440430,survived,,2.0,68.32.1,10000.0
5433107641,СФНЦА РАН,1025404349992,survived,,54.0,72.19,
7730239877,"АО ""ГКНПЦ ИМ. М.В. ХРУНИЧЕВА""",5177746220361,survived,,77.0,72.19,115064235000.0
7708737517,"АО ""ВРК-2""",1117746294126,survived,,77.0,68.20.29,8959972352.0
7810000499,"ООО ""ДЛ-ТРАНС""",1047855009960,survived,,78.0,49.4,10000.0
3233000866,"ООО ""КВАРЦ""",1023201102297,survived,,32.0,68.32,40000.0
8602288831,"ТСН ""САЙМОВСКИЙ""",1188617014475,survived,,86.0,68.32.1,
3456002659,"МП ""КОММУНАЛЬЩИК ФРОЛОВСКОГО РАЙОНА""",1153443025592,survived,,34.0,36.00.2,499000.0
6727002234,"ОГБУЗ ""ЯРЦЕВСКАЯ ЦРБ""",1026700979172,survived,,67.0,86.10,
3454006023,"МАУ КХ ""БЫКОВО""",1203400005775,survived,,34.0,36.00.2,
1903017342,"ООО ""СУЭК-ХАКАСИЯ""",1071903000773,survived,,19.0,05.10.23,2476135827.0
3311024144,"МУП ""ВОЗРОЖДЕНИЕ""",1193328001426,survived,,33.0,37.00,1000000.0
2311308063,"ООО УК ""ДОМУС""",1202300043098,survived,,23.0,35.30,10000.0
3338002420,"МУП ВЯЗНИКОВСКОГО РАЙОНА ""ФОНД""",1063338008854,survived,,33.0,35.30.14,15108141.0
2461032520,"ТСН ""СОСЕДИ""",1162468083315,survived,,24.0,68.32.1,
3435134076,"ООО УК ""ИМПУЛЬС""",1183443010277,survived,,34.0,68.32.1,10000.0
5818000497,"МУП ""КОНДОЛЬСКОЕ МПО ЖКХ""",1025800813708,survived,,58.0,36.00.2,11231000.0
4632267430,"ООО ""ДОМРУС""",1204600005521,survived,,46.0,68.32.1,10000.0
1840031172,"ООО ""АНК""",1141840008584,survived,,18.0,35.30,10000.0
2462048307,"ООО УК ""ТРИУМФ""",1162468087363,survived,,24.0,68.32.1,10000.0
6950211716,"ООО ""ЖУК""",1176952016735,survived,,69.0,68.32.1,10000.0
2311337579,"ООО УК ""ЖИЛИНТЕРСФЕРА""",1222300041842,survived,,23.0,68.32,10000.0
1105015581,"ООО ""ТЭК-ПЕЧОРА""",1031100741319,survived,,11.0,35.30.14,100000.0
3445127712,"ГБУ ВО ""УКС""",1123460005789,survived,,34.0,71.11.1,
9717078279,"ООО ""ПИК-КОМФОРТ СИРИУС""",1197746169675,survived,,77.0,68.32.1,2500000.0
7708725945,"ООО ""УК СЕРВИС 24""",1107746654058,survived,,77.0,68.32.1,100000.0
5407979646,"ООО ""СОВТЕХ СИБИРЬ""",1205400046191,survived,,54.0,81.10,100000.0
4526006556,"ООО ""КУРГАН ТЕПЛО""",1214500000770,survived,,45.0,35.30.14,50000.0
5802001897,МУП КГЭТС,1025800507688,survived,,58.0,35.30.14,100000.0
2309145774,"ООО""УК""ВИКТОРИ""",1152309001877,survived,,23.0,68.32,10000.0
3701048581,"ООО ""СТОК""",1133701001081,survived,,37.0,36.00,10000.0
7705032357,"АО ""СЗ ""МСК ИЛИМСКАЯ-1""",1027700558698,survived,,77.0,68.20.2,1025320.0
3663154970,"ООО ""МУРОМ""",1213600009919,survived,,36.0,68.32.1,15000.0
7713291235,"ООО ""МСГ""",1027700054690,survived,,77.0,65.12.1,300000000.0
5406291470,"АО ""РЭС""",1045402509437,survived,,54.0,35.12.1,9639194200.0
7703434808,ФОНД РЕНОВАЦИИ,1177700018319,survived,,77.0,71.12.2,
7719272800,"КП ""УГС""",1037719025376,survived,,77.0,41.20.9,
4415006543,"ООО ""ТЕПЛОГАЗСЕРВИС""",1094437000350,survived,,44.0,35.30,10000.0
5504036333,"ПАО ""ГАЗПРОМ НЕФТЬ""",1025501701686,survived,,78.0,19.20.1,
3327848404,"АО ""ДЭП №7""",1103327001997,survived,,33.0,52.21.22,134760000.0
2411026288,"ООО ""КРАСФАН""",1162468063075,survived,,24.0,02.20,156007550.0
5610083568,АО ВТБ РЕГИСТРАТОР,1045605469744,survived,,77.0,66.11.3,310001000.0
3819018655,"ООО ""ВРП ""НОВОТРАНС""",1073819000474,survived,,38.0,52.21.19,10000.0
6213009640,"ООО ""ЛИДЕР-СТРОЙ""",1106215000946,survived,,62.0,41.20.9,25000.0
2466082757,ККФЖС,1032402944848,survived,,24.0,64.99,
3317012184,"ООО ""КОМСЕРВИС +""",1083332002005,survived,,33.0,68.32.1,10000.0
5407175878,"АО ""РТ-РЕГИСТРАТОР""",1025403189790,survived,,77.0,66.11.3,112000000.0
7704028206,"АО ""РЕЕСТР""",1027700047275,survived,,77.0,66.11.3,37323700.0
7719806667,"ООО ""АТЛАНТ""",1127746211845,survived,,37.0,52.21.19,10750124000.0
6311118870,МООВЖТК,1106300000102,survived,,63.0,94.99,
2502034127,"ООО ""КВРЗ ""НОВОТРАНС""",1072502001770,survived,,50.0,52.21.19,10000.0
7716642273,ТУ РОСИМУЩЕСТВА В МОСКОВСКОЙ ОБЛАСТИ,1097746296977,survived,,77.0,84.11.13,
2460127761,"АО ""УК ""КРАСНОЯРСКАЯ""",1252400003283,survived,,24.0,68.32.1,20801000.0
7806511035,"ООО ""МАРСОВО ПОЛЕ""",1137847374873,survived,,78.0,35.30.14,10000.0
5907001534,"ООО ""УК ""КАБЕЛЬЩИК""",1145958089177,survived,,59.0,68.32,10000.0
2721121661,"АО ""ЦЕНТР ИННОВАЦИОННЫХ ТЕХНОЛОГИЙ ГОРОДА ХАБАРОВСКА""",1042700170061,survived,,27.0,68.20.1,846399000.0
4401060318,"ООО ""ЗАВОЛЖЬЕ""",1064401000289,survived,,44.0,68.32,30000.0
7811252474,"ООО ""ПРЕМИУМ ДРАЙВ""",1157847390876,survived,,78.0,77.11,10000.0
2454003302,"АО ""ЛЕСОСИБИРСКИЙ ЛДК №1""",1022401504949,survived,,24.0,16.10.1,10289370.0
2508070844,"ООО ""РН-МОРСКОЙ ТЕРМИНАЛ НАХОДКА""",1052501675313,survived,,25.0,52.24.2,527424600.0
7710054483,ВЕРХОВНЫЙ СУД РОССИЙСКОЙ ФЕДЕРАЦИИ,1037739667316,survived,,77.0,84.23.12,
4218108183,"ООО ""ОНИКС""",1104218001997,survived,,42.0,68.32.1,10000.0
1326223893,"ООО ""ДОМ-УПРАВЛЕНИЯ №20""",1131326000475,survived,,13.0,68.32.1,10000.0
7702673970,"ООО ""ДАЛЬВАГОНОРЕМОНТ""",1087746624646,survived,,77.0,52.21.19,185999808.0
7811405931,"ООО ""ЖКС №1 НЕВСКОГО РАЙОНА""",1089847179950,survived,,78.0,68.32.1,100000.0
9703000339,"ООО ""ЦЕНТР СОЦИАЛЬНЫХ ПРОГРАММ""",1197746501116,survived,,77.0,68.10.21,15000.0
1300001663,"МБУК ""ЦБС Г.О. САРАНСК""",1221300003088,survived,,13.0,91.01,
2466073216,УСД В КРАСНОЯРСКОМ КРАЕ,1032402947092,survived,,24.0,84.23.13,
1327023030,"ООО ""УК ЖИЛКОМФОРТ""",1141327002684,survived,,13.0,68.32.1,100000.0
1327035902,"ООО ""ЖЭК-СТРОЙ""",1201300001847,survived,,13.0,68.32,10000.0
4223030694,"АО ""ПО ВОДОКАНАЛ""",1024201883320,survived,,42.0,36.00.2,36000000.0
5256068455,"ООО ""ОРБ НИЖНИЙ""",1075256004009,survived,,52.0,38.1,160000.0
2902058080,"ООО ""ГОРИЗОНТ""",1082902000334,survived,,29.0,68.32.1,10000.0
5905045582,"ООО ""УК ""ЭКВО""",1165958103442,survived,,59.0,68.32.2,10000.0
3301029129,"ООО ""ЖКС ""АЛДЕГА""",1113339003821,survived,,33.0,68.32.1,10000.0
3327147543,"ООО ""УК ВЕКТОР""",1213300004081,survived,,33.0,68.32.1,25000.0
2628049121,"ООО УК ""ЛЮКС""",1072628000796,survived,,26.0,68.32.1,27000.0
1831172836,"ООО УК ""КВАРТАЛ""",1151831002465,survived,,18.0,68.32.1,10000.0
5260258667,ТУ РОСИМУЩЕСТВА В НИЖЕГОРОДСКОЙ ОБЛАСТИ,1095260008172,survived,,52.0,84.11.8,
3902011567,"ООО ""УК ""ЗЕЛЕНЫЙ КВАРТАЛ""",1213900012370,survived,,39.0,68.32,10000.0
7404040139,"ООО ""ЗЛАТОУСТОВСКИЙ ""ВОДОКАНАЛ""",1047402518349,survived,,74.0,36.00.1,28970000.0
5904322924,"ООО ""ИДЕАЛЬНАЯ КОМПАНИЯ""",1155958102960,survived,,59.0,68.32,10000.0
5903139281,"ООО ""ВСЕЛЕННАЯ""",1185958060045,survived,,59.0,68.32.1,10000.0
3305714742,"ООО ""КЭТК""",1123332001000,survived,,33.0,68.20.29,64810000.0
6025027679,"ООО ""ВЛВРЗ""",1066025033788,survived,,60.0,30.20.9,175000000.0
5024058560,МИНЧИСТОТЫ МОСКОВСКОЙ ОБЛАСТИ,1035004463230,survived,,50.0,84.11.21,
1831180379,"ООО ""УК ""СПУТНИК""",1161832068914,survived,,18.0,68.32,10000.0
0266030250,"ООО ""ЖИЛКОМЗАКАЗЧИК""",1080266000319,survived,,2.0,68.32.1,1000000.0
1101486727,ТУ РОСИМУЩЕСТВА В РЕСПУБЛИКЕ КОМИ,1101101000780,survived,,11.0,84.11.12,
9102159004,"ООО ""УК ""КРЫМСКОЕ ВРЕМЯ""",1159102025774,survived,,91.0,68.32,2222221.0
1648022038,"ООО ""ПТИЦЕВОДЧЕСКИЙ КОМПЛЕКС ""АК БАРС""",1071673002147,survived,,16.0,10.12.1,896100000.0
3324121755,"ООО ""ЭКОСТОК""",1083337000834,survived,,33.0,37.00,20000.0
1326234101,"ООО УК ""СТРОЙСИТИ""",1161326050808,survived,,13.0,68.32,10000.0
1327019932,"ООО ""ДУ №9""",1131327002201,survived,,13.0,43.22,10000.0
3321025500,"ООО ""КОМПАНИЯ ""АС""",1153316154716,survived,,33.0,68.32.1,10000.0
0268069831,"ООО ""БЖИ+""",1140280014456,survived,,2.0,68.32.1,20000.0
6950129500,"МКУ ""УМЖФ""",1116952002727,survived,,69.0,82.99,
7841384710,"ООО ""ЖКС №1 ЦЕНТРАЛЬНОГО РАЙОНА""",1089847137588,survived,,78.0,68.32.1,100000.0
7713419774,"АО ""НБК""",1167746798394,survived,,77.0,68.20.29,12288538.0
2462070782,"ООО ""РИФ""",1212400013000,survived,,24.0,46.21,30000.0
1328009253,"ООО ""ЖСК""",1141328000890,survived,,13.0,68.32.1,10000.0
7206000783,"АО ""ТСМ""",1027201291908,survived,,72.0,41.20.9,107480.0
7901540205,"ООО ""УК ""ДОМСТРОЙСЕРВИС""",1127901001227,survived,,79.0,68.32.1,10000.0
2902058235,"ООО ""94 КВАРТАЛ""",1082902000488,survived,,29.0,68.32.1,10000.0
2463223960,"ООО ""ПРИАНГАРСКИЙ ЛПК""",1102468051773,survived,,24.0,16.10.1,720508630.0
1327150133,"МУ ДО ""ЦЕНТР ЭСТЕТИЧЕСКОГО ВОСПИТАНИЯ ДЕТЕЙ""",1021301067083,survived,,13.0,85.41.9,
2632105555,"ООО УК ""ЭЛИТКОМФОРТ""",1162651068876,survived,,26.0,68.32,10000.0
7106081122,"ООО ""УК ""ТРИС""",1187154000175,survived,,71.0,81.10,10000.0
9718161427,"ООО ""УК ГОЛЬЯНОВО-ВОСТОК""",1207700322323,survived,,77.0,68.32.1,100000.0
2311118175,"ООО ""УКЭСК""",1092311003575,survived,,23.0,68.32,10000.0
1832150514,"АО ""УДМУРТАВТОДОР""",1181832021667,survived,,18.0,77.32,3183599000.0
5258154999,МТУ РОСТРАНСНАДЗОРА ПО ПФО,1225200040955,survived,,52.0,84.11.12,
9102182934,"ООО ""ГП КРЫМГЕОИНФОРМАТИКА""",1159102090795,survived,,91.0,71.1,10000.0
2340019323,"ООО ""ИВ-КОНСАЛТИНГ""",1072340001161,survived,,23.0,36.00.2,15000.0
1435280588,"ООО ""ЖЭУ ЦЕНТРАЛЬНОЕ""",1141447005490,survived,,14.0,68.32,10000.0
6671315810,"ООО ""УК РЕМСТРОЙКОМПЛЕКС ЕКАТЕРИНБУРГ""",1106671006210,survived,,66.0,68.32,10000.0
7727697789,"ООО ""АЛЬФА ГРАНТ""",1097746536106,survived,,50.0,49.31.2,10000.0
0278936762,"ООО УК ""ЭНТУЗИАСТЫ""",1170280082268,survived,,2.0,68.32,10000.0
6449082708,"ООО ""АЛЬБИОН""",1166451060423,survived,,64.0,68.32,10000.0
5409005938,"ООО ""НЭРЗ""",1175476021258,survived,,54.0,30.20.9,315000000.0
1831195311,"ООО УК ""ТРАСТ""",1191832016331,survived,,18.0,68.32,10000.0
5911066936,"МКП ВВГП ""ВИЛЬВА-ВОДОКАНАЛ""",1125911000643,survived,,59.0,36.00,
2465043755,"ООО""ДИНОР""",1022402467053,survived,,77.0,46.38,800000.0
0275905646,"ООО ""ПРЕСТИЖ ПЛЮС ЛАЙФ""",1160280060786,survived,,2.0,68.32,10000.0
5904369344,"ООО ""УК ПРАВЛЕНИЕ""",1185958069901,survived,,59.0,68.32,10000.0
2465273903,"ООО УК ""НОВЫЙ ГОРОД""",1122468033951,survived,,24.0,68.32,20000.0
3327127924,"ООО УК ""ПОРЯДОК""",1153327002608,survived,,33.0,68.32,10000.0
6950257206,"АО ""ТВЕРЬГОРЭЛЕКТРО""",1226900000909,survived,,69.0,35.12.1,2934937864.0
7843307888,"ООО ""ЖКС КРОНШТАДТСКОГО РАЙОНА""",1089847175054,survived,,78.0,68.32.1,100000.0
9723089737,"ООО ""СТАР""",1197746500599,survived,,77.0,77.11,25000.0
5404227535,"ООО ""СИБИРСКИЕ СЕТИ""",1045401493950,survived,,54.0,61.10.3,347773879.0
0277126959,"ООО ""ДС УФА""",1130280007219,survived,,2.0,68.32,19000.0
1841019227,"ООО ""ЭТАЛОН""",1111841008465,survived,,18.0,68.32.1,10000.0
6636006601,"ООО ""ЛЕСТОПСНАБ""",1036602271518,survived,,66.0,16.10.1,1250000.0
6911031117,"ООО ""ТЭСКО""",1096911000680,survived,,69.0,35.30,10000.0
1103013684,"ООО ""ГАРАНТ""",1151101010180,survived,,11.0,68.31.1,10000.0
7751188831,"ООО ""ТРАНЗИТСЕРВИС""",1207700448438,survived,,77.0,77.11,22000.0
2901201500,"ООО ""УК ""ПОЛЮС""",1102901002676,survived,,29.0,68.32.1,25000.0
0813900199,"БУ РК ""ЯШКУЛЬСКАЯ РБ""",1020800733788,survived,,8.0,86.10,
7730553917,"ООО ""УК ""ЛАЙФ-СЕРВИС""",1067761455387,survived,,77.0,68.32.1,1000000.0
5908077857,"ООО ""СОГЛАСИЕ""",1185958011799,survived,,59.0,68.32,10000.0
5906013657,ЖСК №76,1025901377127,survived,,59.0,68.32.1,
8001019425,"ООО ""НУК""",1217500004941,survived,,75.0,81.10,10000.0
3459071594,"ТСН ""ТАРАЩАНЦЕВ 63""",1163443083220,survived,,34.0,68.32.1,
6450101112,"ООО УК ""ВЕСТА-С""",1186451006543,survived,,64.0,68.32.1,10000.0
2465215490,"ООО УК ""АВЕНЮ 24""",1082468053634,survived,,24.0,68.32.1,1400000.0
9718161032,"ООО ""ТРАНСПРОКАТ""",1207700307979,survived,,77.0,77.11,1021000.0
2618800660,"ООО ""ЭНЕРГЕТИК""",1122651009920,survived,,26.0,35.30.1,10000.0
7904003696,"МКУК ""ЦКС""",1027900632660,survived,,79.0,90.04.3,
9731073988,"ООО ""Г.М.А.""",1217700002486,survived,,77.0,77.11,10000.0
7727393734,"ООО ""СТАНДАРД КОНСТРАКШН""",1187746847023,survived,,77.0,41.10,20000.0
6950029489,"ООО ""УК НИВА""",1156952001524,survived,,69.0,68.32.1,10000.0
6656000051,"АО ""ТУРИНСКИЙ ЦБЗ""",1026602268560,survived,,66.0,17.12,29715888.0
2724079048,ВМТУ РОССТАНДАРТА,1042700255971,survived,,25.0,84.11.12,
7107136409,"ООО ""УК ПОДЪЕМ ДОМ""",1207100007730,survived,,71.0,68.32,10000.0
1326048497,"МБУК ""МЕМОРИАЛЬНЫЙ МУЗЕЙ В И ТП 1941-1945 ГГ.""",1021300978863,survived,,13.0,91.02,
6950246860,"ООО ""УК ЦЕНТРАЛЬНАЯ""",1216900000019,survived,,69.0,68.32.1,10000.0
9728030286,"ООО ""УК ВАШ КОМФОРТ""",1217700104808,survived,,50.0,68.32,30000.0
1831112611,"ООО ""РСУ-7""",1061831033440,survived,,18.0,35.30.14,10000.0
0268065570,"ООО ""ДОМСЕРВИС""",1130280006680,survived,,2.0,35.30.1,10000.0
7901525782,МЭРИЯ ГОРОДА,1057900040912,survived,,79.0,84.11.32,
6952035865,"ООО ""УПРАВЛЯЮЩАЯ КОМПАНИЯ ИНКОМ ДОМ""",1126952030963,survived,,69.0,68.32.1,10000.0
2466280854,"ООО УК ""ПЛАТФОРМА""",1192468030150,survived,,24.0,68.32,10000.0
0274134077,"ООО ""ИЖФС""",1080274009276,survived,,2.0,68.32,10000.0
2466089294,КРАСНОЯРСКИЙ КРАЕВОЙ СУД,1032402941152,survived,,24.0,84.23.13,
7723682710,"ООО ""УК БСМ""",5087746292387,survived,,27.0,77.32,526320.0
5003021311,"ООО ""ГАЗПРОМ МЕЖРЕГИОНГАЗ""",1025000653930,survived,,78.0,46.71.4,45425043600.0
5903135939,"ООО ""ФРАТРИЯ""",1175958050894,survived,,59.0,77.11,10000.0
1513070245,"ООО ""КРИСТАЛЛ-К""",1181513002120,survived,,15.0,35.12.1,10000.0
5256175552,"ООО "" КОМФОРТНАЯ ГОРОДСКАЯ СРЕДА""",1185275043601,survived,,52.0,68.32,10000.0
2465257242,"ООО УК ""ЗИМА - 2011""",1112468043852,survived,,24.0,68.32.1,10000.0
7204116422,"ООО ""ТЮМЕНСКАЯ УК ПО ЭЖФ""",1077203055082,survived,,72.0,68.32.1,12500.0
4105127241,"ООО ""АРГИЛЛОН""",1204100003942,survived,,41.0,68.32.1,10000.0
2901201475,"ООО УК 1 ""НАШ ДОМ - АРХАНГЕЛЬСК""",1102901002643,survived,,29.0,68.32.1,25000.0
2466029591,КОСХР,1022400010390,survived,,24.0,94.12,
5638030171,"МП ЖКХ ""ЭНЕРГИЯ"" МО СЕРГИЕВСКИЙ СЕЛЬСОВЕТ",1065638043900,survived,,56.0,36.00.2,100000.0
5262252702,"ООО ""УПРАВЛЯЮЩАЯ КОМПАНИЯ ""НИЖЕГОРОДСКИЙ ДОМ""",1105262004726,survived,,52.0,68.32.1,10000.0
7508002339,"ГУЗ ""КАРЫМСКАЯ ЦРБ""",1027500586960,survived,,75.0,86.10,
5105013976,"ООО ""ЖКС КОЛЬСКОГО РАЙОНА""",1215100000884,survived,,51.0,68.32.1,10000.0
3811142410,"ООО УКМ ""НОВЫЙ ГОРОД""",1103850026136,survived,,38.0,68.32,10000.0
3444179919,"ООО ""КОМФОРТ-СЕРВИС""",1103444005257,survived,,34.0,68.32,10000.0
3122014743,"ООО ""АЛЕКСЕЕВСКОЕ ЖКУ",1183123030232,survived,,31.0,68.32,10000.0
2465142890,"ООО ""УК ВЫСОТНАЯ""",1162468067222,survived,,24.0,68.32.1,10000.0
4101164098,"ООО УК ""СОЮЗ-ПК""",1144101002825,survived,,41.0,68.32.1,10000.0
6671246003,"ООО ""ВЕРТИКАЛЬ""",1076671035737,survived,,66.0,35.30.14,300000.0
0242007975,"ООО ""УК ЖКХ СТЕРЛИТАМАКСКИЙ РАЙОН""",1080242000288,survived,,2.0,68.32.1,10000.0
1328016155,"ООО УК ""ДОВЕРИЕ""",1181326002549,survived,,13.0,68.32.1,10000.0
6827020780,"АО ""МЛРЗ ""МИЛОРЕМ""",1106827000862,survived,,68.0,30.20.9,120000001.0
8002003001,"ГУЗ ""ДУЛЬДУРГИНСКАЯ ЦРБ""",1068080020678,survived,,75.0,86.10,
6671382990,"ООО ""БРУСНИКА""",1116671018958,survived,,66.0,71.12.2,472457983.0
5903122418,"ООО ""УК ""ТИХИЙ ДВОР""",1165958058023,survived,,59.0,68.32,10000.0
3324121762,"ООО ""АКВА ТЭК""",1083337000845,survived,,33.0,36.00,20000.0
7734734470,"ООО ""АРТЛИ-СТРОЙ""",5147746214435,survived,,77.0,68.20,10000.0
7703472017,"ООО ""АВЕНЮ ГРУПП""",1197746137951,survived,,77.0,77.11,12000.0
5406749463,"ООО ""ЭНЕРГОСБЫТ""",1135476094995,survived,,54.0,35.14,10000.0
1324133676,"АО ""ВОДОКАНАЛ""",1061324010461,survived,,13.0,36.00.1,7389396.0
7601001234,МЭРИЯ ГОРОДА ЯРОСЛАВЛЯ,1027600683824,survived,,76.0,84.11.35,
4403006732,"ООО ""РТИК""",1184401003896,survived,,37.0,35.30,10000.0
0814042497,"БУ РК ""РБ ИМ. П.П.ЖЕМЧУЕВА""",1020800766018,survived,,8.0,86.10,
7715786057,"ТСЖ ""ЧЕЛОБИТЬЕВО-1""",1097746770615,survived,,77.0,68.32.1,
3301025741,"ООО ""ПОТЕНЦИАЛ""",1093339001887,survived,,33.0,68.32.1,14000.0
0278914889,"ООО ""ТИХАЯ РОЩА""",1160280065472,survived,,2.0,68.32,12000.0
5981011360,"ООО УК ""ПРИКАМЬЕ-СЕРВИС""",1235900009619,survived,,43.0,68.32.1,10000.0
2466165058,"ООО ""ПРАКТИКА""",1152468042693,survived,,24.0,68.32.1,10000.0
1326248369,"ООО ""ДОМ-УПРАВЛЕНИЯ №23""",1171326002814,survived,,13.0,68.32.1,20000.0
1841106222,"ООО ""ЛУЧШАЯ УК""",1221800015887,survived,,18.0,68.32,10000.0
7726389679,"ООО ""СОЮЗ-НОВОМОСКОВСКИЙ""",5167746251129,survived,,77.0,68.32.1,100000.0
3455053474,"ООО ""УПРАВЛЯЮЩАЯ КОМПАНИЯ МКД""",1173443025150,survived,,34.0,82.11,30000.0
1101164166,"ООО ""КУК""",1191121001477,survived,,11.0,68.32,10000.0
7726445059,"ООО ""КОНТИНЕНТ""",5187746014814,survived,,77.0,77.11,30000.0
7703750144,МТУ РОСТЕХНАДЗОРА,1117746644400,survived,,77.0,84.11.12,
6670262066,ТУ РОСИМУЩЕСТВА В СВЕРДЛОВСКОЙ ОБЛАСТИ,1096670022107,survived,,66.0,84.11.8,
4630011552,"САДОВОДЧЕСКОЕ НЕКОММЕРЧЕСКОЕ ТОВАРИЩЕСТВО ""ЛАВСАН""",1034637016919,survived,,46.0,68.32.2,
9102270620,"ООО ""РЭУ ""НОВЫЙ ГОРОД""",1219100001592,survived,,91.0,68.32.1,10000.0
9111026674,"ООО ""ООО ""ЭМИРАТ""",1209100000230,survived,,91.0,68.32,50000.0
7126020304,"ООО ""ЗАОКСКИЙ РЭС""",1177154022870,survived,,71.0,35.12,12000.0
3445096581,"ТСЖ ""НАШ ДОМ""",1083460003692,survived,,34.0,68.32.1,
2636050561,"ООО ""УК ОЧАГ""",1062635141260,survived,,26.0,68.32,10000.0
0105070799,"ООО ""КОМФОРТ""",1130105003380,survived,,1.0,68.32.1,21000.0
3662129241,"ООО ""БЕРЁЗКА""",1073668012164,survived,,36.0,68.32.2,11000.0
5257080575,"ООО ""УК ""ДОМ-СЕРВИС""",1065257051980,survived,,52.0,68.32,10000.0
0808900034,"БУ РК ""САРПИНСКАЯ РБ""",1020800576873,survived,,8.0,86.10,
3525298618,"ООО УК ""ТАНДЕМ""",1133525006724,survived,,35.0,68.32.1,12500.0
1655160631,"ООО ""УК ""ДОМСЕРВИС""",1081690042433,survived,,16.0,68.32,10000.0
3257047207,"ООО ""МДБ""",1163256063200,survived,,32.0,68.32,10000.0
7524189229,"ООО ""СТИМУЛ""",1217500005755,survived,,75.0,69.10,20000.0
3528009720,МЭРИЯ ГОРОДА ЧЕРЕПОВЦА,1023501268053,survived,,35.0,84.11.35,
4028033476,"ООО ""КАСКАД-ЭНЕРГОСЕТЬ""",1054004005395,survived,,40.0,35.12.1,3010000.0
6950214481,"ООО ""УК ""ЖИРАФ""",1176952021520,survived,,69.0,68.32,10000.0
2632117335,"ООО УК ""АЖС""",1212600000986,survived,,26.0,68.32,11000.0
0105072919,"ООО ""ЖЭУ №4""",1140105002212,survived,,1.0,68.32.1,20000.0
3702519868,"ООО ""УК ""ОЛИМП""",1073702016420,survived,,37.0,68.32.1,10000.0
2901170964,"ООО ""УК КРАСНАЯ ЗВЕЗДА""",1072901015164,survived,,29.0,68.32.1,10000.0
7528005264,"ООО ""РЕМИУС""",1087527000538,survived,,75.0,68.32.1,10000.0
2312288194,"ООО ""УК ""КВАРТЕТ СИТИ""",1192375080655,survived,,23.0,68.32.1,11000.0
0323375342,"ООО ""МЭС""",1140327007699,survived,,3.0,35.11,10000.0
3702238867,"ООО ""НАРОДНАЯ КОМПАНИЯ""",1203700003760,survived,,37.0,68.32.1,20000.0
2465127003,"ООО ""КРАСЛЕС""",1152468027447,survived,,24.0,02.10,30030.0
2706029140,"ООО ""УО ""МИКРОРАЙОН""",1072706000883,survived,,27.0,68.32.1,100000.0
3460060332,"ООО ""УК ГАРАНТ""",1153443025482,survived,,34.0,68.32,10000.0
1328169698,"МБУДО ""ДМШ №6""",1021301119993,survived,,13.0,85.41.2,
0326538891,"ООО ""ПАРИТЕТ-ПЛЮС""",1150327005586,survived,,3.0,68.32.1,10000.0
2901306894,"ООО ""СФЕРА""",1212900005493,survived,,29.0,68.32.1,20000.0
5049024442,"МБУ ""ПРОГРЕСС-РОШАЛЬ""",1195081003380,survived,,50.0,68.32.1,
3460068733,"ООО УПРАВЛЯЮЩАЯ КОМПАНИЯ ""КОМФОРТНЫЙ ДОМ""",1173443009013,survived,,34.0,68.32.1,10000.0
1109015208,"ООО ""УК""ЛЕСОЗАВОД""",1191121004876,survived,,11.0,68.32.1,10000.0
6608004472,ДУМИ,1026605252178,survived,,66.0,84.11.35,
5503272070,"АО ""ТЕПЛОВАЯ КОМПАНИЯ""",1235500015520,survived,,55.0,35.30.2,3011278000.0
5406285846,МЭРИЯ ГОРОДА НОВОСИБИРСКА,1045402490100,survived,,54.0,84.11.35,
3443063559,"ООО ""УПРАВЛЯЮЩАЯ КОМПАНИЯ ""7 ВЕТРОВ""",1053443004933,survived,,34.0,68.32,10000.0
7713011336,"ПАО ""ПИК СЗ""",1027739137084,survived,,77.0,64.99.3,41281084000.0
7728029110,"АО ""ТОРГОВЫЙ ДОМ ""ПЕРЕКРЕСТОК""",1027700034493,survived,,77.0,47.11,83818875000.0
7704730704,"АО ""31 ГПИСС""",1097746425370,survived,,77.0,71.12.15,188268000.0
2905001798,"СНТСН ""СТРОИТЕЛЬ""",1022901141911,survived,,29.0,68.32.2,
4501149954,"ООО "" УК ""УЮТ""",1094501002969,survived,,45.0,68.32,12000.0
2450035208,"ООО ""АБСОЛЮТ""",1192468010460,survived,,24.0,68.32.1,10000.0
0608021607,МЧС РЕСПУБЛИКИ ИНГУШЕТИЯ,1120608003152,survived,,6.0,84.25.1,
3525272835,"ООО ""УК ""ЖСИ-ЗВЕЗДА""",1123525000103,survived,,35.0,68.32,10000.0
3711023434,"ТСЖ ""ЗАГОРОДНОЕ""",1083711001692,survived,,37.0,68.32.1,
3808195620,"ООО ""КТ-РЕСУРС""",1163850076862,survived,,38.0,35.30.11,10000.0
2901311654,"ООО ""УК СКАТ""",1222900006064,survived,,29.0,68.32.1,10000.0
1032000132,"ООО ""ВОДОКАНАЛ""",1201000003181,survived,,10.0,36.00,10000.0
3442037242,"СНТ ""ТРАНСПОРТНИК""",1023402643604,survived,,34.0,68.32.2,
6670503882,"ООО ""МАЛАХИТ""",1216600053570,survived,,66.0,46.18.3,10000.0
0268069045,"ЖСК ""СТЕРЛИТАМАКСКИЙ""",1130280077487,survived,,2.0,68.32.1,
3906224816,"ООО ""ТРЕСТ КОМФОРТ""",1103926011804,survived,,39.0,68.32.1,10000.0
0807000129,"БУ РК ""ПРИЮТНЕНСКАЯ РБ""",1020800672419,survived,,8.0,86.10,
2252004367,"МКП ""КОММУНАЛЬЩИК""",1212200029315,survived,,22.0,35.30.14,
6439088700,"ООО ""ЧАЙКА""",1156451019944,survived,,64.0,68.32,10000.0
2901168080,"ООО ""УК ""НИКОЛЬСКИЙ""",1072901011567,survived,,29.0,68.32.1,10000.0
1833045576,"ООО ""ПРОМЭНЕРГОСБЫТ""",1071840006072,survived,,52.0,35.14,10101.0
0716008628,"АО ""ГЭС""",1100716000604,survived,,7.0,33.14,60747400.0
1103034684,"ООО ""ВЕКТОР""",1051100694545,survived,,11.0,68.20.2,40000.0
0816029036,"БУ РК ""РДМЦ ИМ. МАНДЖИЕВОЙ В.Д.""",1150816000940,survived,,8.0,86.10,
7727521471,ЦМТУ РОССТАНДАРТА,1047796716890,survived,,77.0,84.11.12,
0273085652,"ООО УК ""УЮТНЫЙ ДОМ""",1120280003360,survived,,2.0,68.32.1,20000.0
0278206565,"ООО УК ""ГОРОД""",1130280072350,survived,,2.0,68.32.1,10000.0
2635250984,"ООО ""ХОУМ СЕРВИС""",1212600011690,survived,,26.0,68.32,10000.0
1840056650,"ООО ""РЕГИОНАЛЬНАЯ УК""",1161832071708,survived,,18.0,68.32.1,10000.0
0268047852,"ООО ""УПРАВЛЯЮЩАЯ КОМПАНИЯ ""ТЖХ""",1080268001208,survived,,2.0,68.32.1,3694000.0
2311121347,"ООО ""КУБАНЬ-СЕРВИС""",1092311006721,survived,,23.0,68.32,10000.0
9729267231,"ООО ""СТРОЙСТАНДАРТ""",1187746332267,survived,,77.0,43.99,50000.0
7838013473,"ООО ""ВЕСТ-СЕРВИС""",1037861027346,survived,,78.0,49.31.21,10000.0
1326187388,"ООО ""ЖИЛКОМБЫТ""",1031316002035,survived,,13.0,68.32.1,10000.0
2922008546,"ООО ""ШАНС""",1112907000898,survived,,29.0,16.10.1,2939396500.0
3811101580,"АО ""ВУ ЖКС""",1063811053283,survived,,38.0,68.32.1,24528000.0
5010049460,"АО ""УК ""НАУКОГРАД""",1155010000166,survived,,50.0,68.32.1,10000.0
7715902899,"ООО ""МАГНИТЭНЕРГО""",1127746076710,survived,,23.0,35.14,10000.0
6671028735,"АО ""ОБЛКОММУНЭНЕРГО""",1156658098266,survived,,66.0,35.12.1,2839693546.0
7708639622,"АО ""ЖТК""",5077746868403,survived,,77.0,56.29.2,8077297000.0
7707473100,"АО ""УНИВЕРСАЛТРАНС""",1227700553068,survived,,77.0,49.20.9,100000.0
2454023919,"ООО ""ЛЕСНОЙ КРАЙ""",1132454001338,survived,,24.0,16.10.1,10000.0
3525322606,"ООО ""УК ""ЖСИ-АТЛАНТ""",1143525006349,survived,,35.0,68.32,10000.0
6829141981,"ООО ""ЖК ""СВОИ ЛЮДИ""",1186820004282,survived,,68.0,68.32,10000.0
2901294127,"ООО ""МТК""",1182901018255,survived,,29.0,35.30,10000.0
7417015891,"ООО ""ТС""",1077417000550,survived,,74.0,35.30.14,25000.0
7111504782,"МКП ""АРЦКО""",1137154000774,survived,,71.0,68.32.1,
2635253625,"ООО ФИРМА""ЛАКИ ГРУПП""",1222600006804,survived,,26.0,49.42,200000.0
8602259414,"ТСН ""КОМФОРТ""",1158617004094,survived,,86.0,68.32,
8602259453,"ТСН ""УЮТНОЕ""",1158617004237,survived,,86.0,68.32.1,
4501155500,"ООО ""УК ""СОГЛАСИЕ""",1094501008029,survived,,45.0,68.32.1,10000.0
3525170350,"ООО ""УПРАВЛЯЮЩАЯ КОМПАНИЯ ""ЖСИ-СЕРВИС""",1063525107030,survived,,35.0,68.32.1,10000.0
3435134911,"ООО ""УК МЖК""",1183443016030,survived,,34.0,68.32,10000.0
0812900260,"БУ РК ""ЯШАЛТИНСКАЯ РБ ИМ. НАМИНОВА В.Л""",1020800507364,survived,,8.0,86.10,
2439008088,"ООО ""СИБТЕПЛО""",1132459000739,survived,,24.0,35.30.14,10000.0
3442048131,"ТОВАРИЩЕСТВО СОБСТВЕННИКОВ ЖИЛЬЯ ""ХОЛЬЗУНОВА 18/1""",1023402639347,survived,,34.0,68.32.1,
5905285270,"ООО ""ПРОФКОМ""",1115905002773,survived,,59.0,68.32,10000.0
7714046959,"АО ""ДСК-1""",1027739273847,survived,,77.0,41.20,268887.0
5911061173,"ООО ""ЖПЭТ""",1095911003077,survived,,59.0,68.32.1,10000.0
9108106739,"ООО ""ФАЙЗУЛЛИН""",1159102053868,survived,,91.0,68.32,10000.0
2311133568,"ООО ""НОВЫЙ СЕРВИС""",1112311002320,survived,,23.0,68.32,10000.0
6950209643,"ООО ""ДИАЛОГ""",1176952013369,survived,,69.0,68.32,10000.0
2463059125,"НО ТСЖ "" ФРЕГАТ """,1022402125118,survived,,24.0,68.32.1,
3257030718,"ООО ""УК БРЯНСККОМЦЕНТР""",1153256006958,survived,,32.0,68.32.1,10000.0
3702070999,"ООО ""ИТЭС""",1053701071270,survived,,37.0,35.30,10000.0
3702266720,"ООО ГК ""ЖИЛИЩНЫЙ СТАНДАРТ""",1223700001447,survived,,37.0,68.32,1000000.0
3702633948,"ООО ""ПРОМЭНЕРГОСЕТЬ""",1103702027604,survived,,37.0,36.00,12000.0
2628058976,"ООО ""УК ""ЦЕНТР""",1182651005547,survived,,26.0,68.32,10000.0
7203218372,"ООО ""УК ""НА ПОЛЕВОЙ""",1087232024736,survived,,72.0,68.32.1,10000.0
2635130630,"ООО ""СГУК""",1102635000456,survived,,26.0,68.32.1,10000.0
7501000149,"ГУЗ ""АКШИНСКАЯ ЦРБ""",1027500508023,survived,,75.0,86.10,
5036058099,"ООО ""ЖЭУ"" ПОДОЛЬСК""",1045007200303,survived,,50.0,68.32.1,10000.0
3435440210,"ТСН СНТ ""ЛАТЕКС""",1023402011148,survived,,34.0,68.32.2,
2209049227,"ООО УК ""МАКСИМУМ""",1182225039622,survived,,22.0,68.32.1,10000.0
7734429396,"ООО ""ВИКТОРИЯ""",1197746559020,survived,,77.0,68.32.1,20000.0
1326231326,"ООО ""ГЖК""",1151326001265,survived,,13.0,68.32.1,10000.0
6950191273,"ООО ""УК РАСЦВЕТ""",1166952058460,survived,,69.0,68.32.1,10000.0
1103990200,"АНПОО ""УЦПК НА ТРАНСПОРТЕ""",1131100001119,survived,,11.0,85.21,
2465084631,"ТСЖ "" КОРКИНО """,1042402652918,survived,,24.0,68.32.1,
2465329352,"ООО УК ""СИБДОМ""",1202400000384,survived,,24.0,68.32.1,10000.0
3702560312,"ОАО УК ""КОМФОРТНЫЙ ДОМ""",1083702016254,survived,,37.0,68.32,100000.0
6670189560,"АО ""ЯМАЛДОРСТРОЙ""",1076670031547,survived,,77.0,43.12.3,178696800.0
0268086379,"ООО ""УК ""ЖИЛКОМПЛЕКТ""",1190280015375,survived,,2.0,68.32,10000.0
1513081423,"ООО ""ПИРАМИДА""",1201500003980,survived,,15.0,68.32,10000.0
3444048440,"ГБПОУ ""ВОЛГОГРАДСКИЙ ТЕХНИЧЕСКИЙ КОЛЛЕДЖ""",1023403457571,survived,,34.0,85.21,
0268074743,"ООО УК ""ЕВРОСФЕРА""",1150280072755,survived,,2.0,68.32.1,10000.0
3327821280,"ООО ""КВАРТАЛ""",1053301251123,survived,,33.0,68.32.1,30000.0
3444063311,"ООО ""АНГАРСКОЕ""",1023403440939,survived,,34.0,43.22,15000.0
6685034633,"ООО ""ТД СТМ""",1136685010736,survived,,77.0,46.69.1,1000000.0
1841088982,"ООО ""УК ""ТЕРЕМОК""",1191832020731,survived,,18.0,68.32,100000.0
7840389346,"ООО ""ЖКС №2 ЦЕНТРАЛЬНОГО РАЙОНА""",1089847181148,survived,,78.0,68.32.1,100000.0
5047246016,"ООО ""ВЫСОКИЕ СТАНДАРТЫ КАЧЕСТВА - КОМФОРТ""",1205000108246,survived,,50.0,68.32.1,10000.0
3663080655,"ООО ""РЭК ЦЕНТРАЛЬНЫЙ""",1103668002998,survived,,36.0,69.10,21000.0
4029032450,"АО ""РПМ""",1054003521021,survived,,40.0,30.20.31,4470412000.0
1655183653,МТУ РОСИМУЩЕСТВА В РЕСПУБЛИКЕ ТАТАРСТАН И УЛЬЯНОВСКОЙ ОБЛАСТИ,1091690054763,survived,,16.0,84.11.8,
7813417393,"ООО ""ЖКС №2 ПЕТРОГРАДСКОГО РАЙОНА""",1089847242320,survived,,78.0,68.32.1,100000.0
6325067190,"ООО ""СПЕЦИАЛИЗИРОВАННЫЙ ЗАСТРОЙЩИК ""РАКИТА""",1156313056349,survived,,63.0,41.20,75020000.0
3431008313,МАУ ЖКХ ДОБРИНСКОГО С/П,1123457000754,survived,,34.0,81.29.2,
8602260314,"ТСН ""МЕЛИК-КАРАМОВА 28/1""",1158617006382,survived,,86.0,68.32.1,
6325071855,"МКУ ""СГХ""",1176313112678,survived,,63.0,84.11.35,
1501032654,"СНТ ""РЕДАНТ""",1021500512406,survived,,15.0,94.99,
5607140079,"ООО УК ""ФОРТУНА""",1155658001707,survived,,56.0,68.32.1,10000.0
3906221068,"ТСЖ ""СОГЛАСИЯ 13""",1103925021991,survived,,39.0,68.32.1,
3454003865,"МАУ ""БЫКОВСКОЕ МКХ""",1163443081559,survived,,34.0,38.11,
1900004289,"МКП ""КАБЫРЧАК-1""",1211900003699,survived,,19.0,35.30.14,
2901197885,"ООО ""УК ""МЕГАПОЛИС""",1092901010498,survived,,29.0,68.32,60000.0
7731646956,"ООО ""КАСТА""",1107746238995,survived,,77.0,41.2,161000.0
3705010317,"ООО ""ТЭС - ПРИВОЛЖСК""",1183702018158,survived,,37.0,35.30.14,40000.0
2303026121,"ООО ""ВОДОПРОВОД""",1072303000175,survived,,23.0,36.00,10000.0
3664241908,"ООО ""МК""Д""",1193668020237,survived,,36.0,68.32,10000.0
3525186880,"ООО ""ВЛАДИСТРОЙКОМФОРТ""",1073525009690,survived,,35.0,68.32,10000.0
5829731435,"ООО ""ВОДОКАНАЛ""",1105809000880,survived,,58.0,36.00.2,25493056.0
1117005242,"АО ""КТЭК""",1051101096606,survived,,11.0,35.30.14,179301000.0
5837055533,"ООО ""УЮТНЫЙ ДОМ""",1155837001319,survived,,58.0,68.32.1,10000.0
2901155229,"ООО ""УК ЮЖНЫЙ ОКРУГ""",1062901066800,survived,,29.0,68.32.1,10000.0
0811001911,"БУ РК ""ЮСТИНСКАЯ РБ ИМ. КОЛДАЕВА Б.Э.""",1020800735262,survived,,8.0,86.10,
0276969145,"ООО УК ""НАШ РАЙОН""",1220200016959,survived,,2.0,68.32,20000.0
6952004546,"ООО ""УК ЭКОНОМ""",1156952016132,survived,,69.0,68.32,20000.0
6950247624,"ООО ""КАСКАД""",1216900001295,survived,,69.0,81.21,12500.0
5190084887,"ООО ""УК ЗАПОЛЯРНАЯ ЦИТАДЕЛЬ""",1205100004438,survived,,51.0,68.32,10000.0
5907022887,"ООО ""УК""",1155958102937,survived,,59.0,68.32,10000.0
5071005886,"МКП ""ЛОТОШИНСКОЕ ЖКХ""",1115004003894,survived,,50.0,35.30.14,
1328017021,"ООО УК ""ЖХ МКД""",1181326007125,survived,,13.0,68.32,10000.0
3702227294,"ООО ""УК ЖКХ ИВАНОВСКОЙ ОБЛАСТИ""",1193702020126,survived,,37.0,68.32,22000.0
0274937363,"ООО ""УК ""РАЕВСКАЯ""",1180280028862,survived,,2.0,68.32,10000.0
3521100754,"ООО ""ПРИОРИТЕТ""",1133535000796,survived,,35.0,68.32.1,10000.0
3461005140,"ООО ""УК ""ЖИЛИЩНЫЙ КОММУНАЛЬНЫЙ СЕРВИС""",1133443000987,survived,,34.0,68.32.1,15000.0
5020054204,"ООО ""ЖК""",1085020001263,survived,,50.0,68.32.1,10000.0
2465092304,"ООО "" МОНОЛИТТЕХНОСЕРВИС """,1052465069744,survived,,24.0,49.4,20000.0
7107107609,"ООО ""ЖИЛЦЕНТР""",1157154015700,survived,,71.0,68.32.1,30000.0
7715905730,"ООО ""УК ЭТАЛОН ЭКСПРЕСС""",1127746129565,survived,,77.0,68.32,100000.0
6140000097,"МП ""АЗОВВОДОКАНАЛ""",1026101790846,survived,,61.0,36.00.2,
7438029670,"ООО ""ТЕПЛОГРАД""",1117438000481,survived,,74.0,35.30,10000.0
1101151216,"ООО""СЕВЕРНЫЙ ЭКСПРЕСС""",1141101004307,survived,,11.0,02.20,10000.0
4345456867,"ООО ""КС-СЕРВИС""",1164350077495,survived,,43.0,37.00,10000.0
9107000240,"ООО ""КРЫМВК""",1149102017437,survived,,91.0,36.00.2,990000.0
5503219060,"ООО ""ГРАНАТ""",1105543007723,survived,,55.0,35.13,10000.0
6023002809,"МБОУ ""ВЛАДИМИРСКАЯ СОШ""",1026002742435,survived,,60.0,85.14,
6913017460,"ООО ""ЭГИДА ОСТАШКОВ""",1206900005509,survived,,69.0,68.20,10000.0
5030089037,"ООО ""УНИВЕРСАЛ-СТРОЙ""",1165030051405,survived,,77.0,23.63,10000.0
0105064280,"ТСН ""ТСЖ ЭДЕЛЬВЕЙС""",1110105002127,survived,,1.0,68.32.1,
2366025057,"ООО УО ""АСПЕКТ""",1212300003695,survived,,23.0,68.32,10000.0
3428982741,"СНТ ""ЧАЙКА""",1023405168049,survived,,34.0,68.32.2,
5024209314,"ООО ""УК ГОРОДСКИЕ УСАДЬБЫ-ОБЛАСТЬ""",1205000109313,survived,,50.0,68.32.1,10000.0
6141019421,УЖКХ Г. БАТАЙСКА,1026101847067,survived,,61.0,84.11.35,
2308254266,"ООО ""ЭКОВРЕМЯ""",1182375019023,survived,,23.0,35.14,20000.0
3245512114,"ООО ""НОРМАЛЬ-М""",1133256010359,survived,,32.0,68.32,10000.0
7726435149,"ООО ""АЛЬТЕРНАТИВА""",1187746609302,survived,,77.0,77.11,100000.0
7903527714,"МКУ ""КДЦ ""ЖЕЛЕЗНОДОРОЖНИК""",1107907000035,survived,,79.0,90.04.3,
2901201482,"ООО ""УК ""АРКТИКА""",1102901002654,survived,,29.0,68.32.1,25000.0
3443143660,"ООО ""ВОЛГАХОСТ""",1193443013631,survived,,34.0,68.32,10000.0
0806900021,"БУ РК ""ОКТЯБРЬСКАЯ РБ""",1020800597333,survived,,8.0,86.10,
7453288608,"ООО ""ПРОГРЕСС""",1157453011110,survived,,74.0,49.32,10000.0
2901296798,"ООО ""УК""ОДО""",1192901004658,survived,,29.0,68.32,30000.0
0803900168,"БУ РК ""ЛАГАНСКАЯ РБ""",1020800567655,survived,,8.0,86.10,
2376004730,"ООО ""ГУК АБИНСК""",1222300002781,survived,,23.0,68.32,10000.0
6950200545,"ООО УК ""АЛМАЗ""",1166952073837,survived,,69.0,68.32.1,10000.0
1103033539,"ООО ""СЕВЕРНОЕ СИЯНИЕ""",1051100692280,survived,,11.0,56.10,10000.0
6922004517,"ООО ""РСУ""",1066912011870,survived,,69.0,68.32,10000.0
7721842711,"ООО УК ""УНИВЕРСАЛЬНЫЙ СЕРВИС МЕРИДИАН""",1147746934037,survived,,77.0,68.32.1,11500.0
2465072675,"ТСЖ "" ДЕЛЬТА """,1022402467504,survived,,24.0,68.32.1,
5032253807,"ООО ""СВЯЗЬ СОЛЮШН""",1165032058806,survived,,50.0,46.90,10000.0
5906174735,"ООО ""ЗВЕЗДА""",1225900020257,survived,,59.0,68.32,10000.0
1901123521,"ООО ""ЛУ""",1151901001009,survived,,19.0,68.32,10000.0
7721028566,"ООО ""РЕМСПЕЦСЕРВИС-ЧН""",1037739735978,survived,,77.0,68.32.1,108130.0
2309145140,"ООО ""ЭКСОР""",1152309001195,survived,,23.0,68.32,10000.0
3914803510,"ООО УК ""ИНСТЕР-СЕРВИС""",1133926046396,survived,,39.0,68.32,10000.0
9715385394,"ООО ""АЛЬФА ГАРАНТ""",1207700208352,survived,,77.0,68.32,10000.0
4345426083,"ООО ""УК ГОРОДА КИРОВА""",1154350008163,survived,,43.0,68.32,10000.0
5405042417,"АО УК ""ЖИЛСЕРВИС МЕЖДУРЕЧЕНСК""",1195476041353,survived,,54.0,68.32,10000.0
0266045793,"ООО ""БАШЖЭК""",1150280070016,survived,,2.0,68.32.1,50000.0
7715973917,"ООО ""ЛЮКС СЕРВИС""",1137746774550,survived,,77.0,68.32,100000.0
7107502905,"ООО ""НОВЫЙ ГОРОД""",1077154008953,survived,,71.0,68.32.1,10000.0
1103013109,"ООО ""АРКТИК-СЕРВИС""",1151101002381,survived,,11.0,43.22,10000.0
0275910491,"ООО ""ЗЕЛЁНЫЙ КВАРТАЛ""",1170280016510,survived,,2.0,68.32,10000.0
3702718408,"ООО ""ИВТБС""",1143702000530,survived,,37.0,68.32.1,10000.0
0274955500,"ООО ""ПРЕСТИЖКОМФОРТ""",1200200015311,survived,,2.0,68.32,10000.0
1326209433,"МБУК ""ДВОРЕЦ КУЛЬТУРЫ Г. О. САРАНСК""",1081326005045,survived,,13.0,90.04.3,
7721728416,"ООО ""ЖИЛЦЕНТР""",1117746500695,survived,,77.0,68.32.1,20000.0
2204058387,"ООО ""БВСЗ ""НОВОТРАНС""",1122204001171,survived,,22.0,30.20.33,10000.0
0273081111,"ООО ""УПРАВКОМ""",1100280043401,survived,,2.0,68.32.1,10000.0
5018054863,"АО ""МСК ЭНЕРГО""",1035003351657,survived,,50.0,35.12.1,3249885345.0
7712105447,"ООО ""ЭКСПЕРТ-СЕРВИС""",1037700136210,survived,,77.0,68.32.1,10000.0
5904237845,"АО ""МЭК""",1105904016118,survived,,52.0,35.14,1000000.0
2612018167,"ООО ""ПМК РУССКАЯ""",1022600824620,survived,,26.0,41.20.9,175665.0
8602021147,"ООО ""УК ДЕЗ ВЖР""",1068602157678,survived,,86.0,68.32.1,640000.0
7840346335,"АО ""ГРУППА ""ИЛИМ""",5067847380189,survived,,78.0,17.1,2698371850.0
7714693240,"ООО ""ИРИСРИЭЛТИНВЕСТ""",5077746726910,survived,,50.0,64.99.3,100000.0
5047207056,"ООО ""ТРАСТЭНЕРДЖИ""",1175029031605,survived,,50.0,41.20,19000.0
1513055134,"ТСН ""ДИПЛОМАТ""",1151513002871,survived,,15.0,68.32.1,
4632041753,"ООО ""АКВАБОР ЛИМИТЕД""",1044637008547,survived,,46.0,42.21,20000.0
9102056070,"ТСН ""САДОВНИК""",1149102117922,survived,,91.0,68.32.2,
3431008112,"ТОВАРИЩЕСТВО ""РОДНИК""",1103457000129,survived,,34.0,36.00.2,
7714465759,"ООО ""ТАКАМ""",1207700416890,survived,,77.0,77.11,100000.0
6428002571,"ГУЗ СО ""РОВЕНСКАЯ РБ""",1026401987150,survived,,64.0,86.10,
4501221953,"ООО ""НОВЫЙ ШАРИНГ""",1184501005820,survived,,45.0,68.20,12000.0
3902011782,"ООО ""УК ""ВЕСТА""",1223900008023,survived,,39.0,68.32,18000.0
0256013200,"ЗАО ""БЗРП""",1030202043630,survived,,2.0,29.32.3,9124553.0
2901201588,"ООО ""УК ""ВЕКТОР""",1102901002742,survived,,29.0,68.32.1,25000.0
2465346615,"ООО ""ПРЕОБРАЖЕНСКИЙ 1А""",1222400010711,survived,,24.0,71.12.2,10000.0
5260439222,"ООО ""УПРАВЛЯЮЩАЯ КОМПАНИЯ ""ПРАЙМ""",1175275015211,survived,,52.0,68.32.1,20000.0
3528297820,"ООО ""СВЕТЛИЦА""",1193525000173,survived,,35.0,68.32,10000.0
1435149657,"ООО ""КИБОР""",1041402041482,survived,,14.0,68.32.1,10100.0
2433004633,"ООО ""САЯНКОМСЕРВИС""",1202400025497,survived,,24.0,37.00,10000.0
3435440330,"ТСН СНТ ""УРОЖАЙ""",1023401999367,survived,,34.0,68.32.2,
0317317663,"ООО ""РЕГИСТР. ЯНЧУКАН""",1170327003901,survived,,3.0,35.30.14,10000.0
7726719870,"ООО ""АРИФМЕТИКА СВЕТА""",1137746340929,survived,,77.0,43.21,50000.0
5260406322,"ООО ""ЭЛСК НН""",1155260003250,survived,,52.0,35.12,10000.0
3666144650,"ООО ""КВАРТАЛ""",1153668001409,survived,,36.0,35.12,10000.0
7706760077,"ООО ""ТЕХПРОМЭКСПЕРТ""",1117746620166,survived,,77.0,35.12.1,10091930.0
5027197748,"ООО ""ФРЭШ МИТ""",1135027002186,survived,,77.0,59.11,10000.0
7117028000,"АО ""УЗЛОВСКИЙ МАШИНОСТРОИТЕЛЬНЫЙ ЗАВОД""",1077150000102,survived,,71.0,28.22.42,10000000.0
7906002722,"МБОУ ""СОШ С.ДУБОВОГО""",1027900634783,survived,,79.0,85.13,
2706022994,"ООО УО ""ЖИЛФОНД""",1142728005023,survived,,27.0,68.32.1,1000000.0
3459082596,"ООО ""УК РИВЬЕРА""",1213400007952,survived,,34.0,68.32.1,10000.0
3443057347,"ТСЖ ""СОДРУЖЕСТВО""",1033400276007,survived,,34.0,68.32.1,
5836013330,МКУ УКС Г. ПЕНЗЫ,1055803006380,survived,,58.0,71.11.1,
7814737491,"ООО ""РУСТРАНС""",1187847223827,survived,,78.0,77.12,10000.0
2919000794,ПИНЕЖСКОЕ МП ЖКХ,1022901443641,survived,,29.0,68.32.1,28158.0
1414014105,"ООО ""МАКСИМ""",1091414000237,survived,,14.0,68.32,10000.0
3324124386,"ООО ""НАШ ДОМ Г. СУДОГДА""",1143304000730,survived,,33.0,68.32,10000.0
3329032717,"ТСЖ ""РУСЬ""",1043303405287,survived,,33.0,68.32,
2901142043,"ООО ""РСК ""МЕТЕЛИЦА +""",1052901200880,survived,,29.0,68.32.1,12500.0
6625040375,"ООО ""ДОМ ПЛЮС""",1069625016780,survived,,66.0,68.32.1,10000.0
2303026146,"ООО ""ВОДООТВЕДЕНИЕ""",1072303000197,survived,,23.0,37.00,10010000.0
4345518432,"ООО ""ПРИМЕР""",1224300004312,survived,,43.0,68.32.1,10000.0
7904003689,"МКУК ""ЦБС""",1027900632650,survived,,79.0,91.01,
7203157480,"ООО ""ЖИЛСЕРВИСУЮТ""",1057200578709,survived,,72.0,68.32.1,50000.0
3905071388,"ООО ""УК""МОЙ ДОМ""",1053900209923,survived,,39.0,68.32.1,100000.0
1901075733,"ООО ""ЖЭУ-5""",1061901038099,survived,,19.0,68.32.1,40000.0
1903018459,"ООО УК ""КОММУНАЛЬЩИК""",1081903001102,survived,,19.0,68.32.1,10000.0
5948052312,"ООО ""УК ""ФЕНИКС""",1165958107072,survived,,59.0,68.32.1,10000.0
7107124636,"ООО ""УК ПОДЪЕМ""",1187154002364,survived,,71.0,68.32,13333.0
6901091540,"ООО ""НОРД СТАР""",1056900173791,survived,,69.0,02.20,16000.0
2466282555,"ООО УК ""ПРОЕКТ""",1202400000637,survived,,24.0,68.32,30000.0
3662990860,"ООО УК ""ЖКС""",1153668001827,survived,,36.0,68.32.1,10000.0
2466152267,"АО ""СУЭК-КРАСНОЯРСК""",1072466008955,survived,,24.0,05.20.11,4317243131.0
9723062848,"ООО ""ИДРО РУС""",1187746750278,failed,2025-08-25,77.0,46.69,100000.0
7726041296,"АО ""ЦПТА""",1027739165189,failed,2022-01-12,,,
7810916355,"ООО ""ИНФРА-ЖДТ""",1217800053998,failed,2023-06-09,,,
5024064362,"ООО ""ВИНО ОН-ЛАЙН АГ""",1045004455363,failed,2022-06-20,,,
